教室可容纳学生,教室编号,资源,教室ID
200,10101,投影仪；黑板；黑板刷；粉笔,1-101
80,10102,投影仪；黑板；黑板刷；粉笔,1-102
80,10103,投影仪；黑板；黑板刷；粉笔,1-103
80,10104,投影仪；黑板；黑板刷；粉笔,1-104
300,10105,投影仪；黑板；黑板刷；粉笔,1-105
300,10106,投影仪；黑板；黑板刷；粉笔,1-106
120,10107,"投影仪；黑板；黑板刷；粉笔；多媒体；耳机；语音箱
；化学试剂套装；传感器；电压表；电流表；频谱分析仪等电工实验器材；安全隔离仪器；医学仪器；工程光学仪器等",1-107
300,10108,投影仪；黑板；黑板刷；粉笔,1-108
80,10109,投影仪；黑板；黑板刷；粉笔,1-109
80,10110,投影仪；黑板；黑板刷；粉笔,1-110
80,10111,投影仪；黑板；黑板刷；粉笔,1-111
80,10112,投影仪；黑板；黑板刷；粉笔,1-112
300,10201,投影仪；黑板；黑板刷；粉笔,1-201
80,10202,投影仪；黑板；黑板刷；粉笔,1-202
80,10203,投影仪；黑板；黑板刷；粉笔,1-203
80,10204,投影仪；黑板；黑板刷；粉笔,1-204
200,10205,投影仪；黑板；黑板刷；粉笔,1-205
200,10206,投影仪；黑板；黑板刷；粉笔,1-206
120,10207,"投影仪；黑板；黑板刷；粉笔；多媒体；耳机；语音箱
；化学试剂套装；传感器；电压表；电流表；频谱分析仪等电工实验器材；安全隔离仪器；医学仪器；工程光学仪器等",1-207
300,10208,投影仪；黑板；黑板刷；粉笔,1-208
80,10209,投影仪；黑板；黑板刷；粉笔,1-209
80,10210,投影仪；黑板；黑板刷；粉笔,1-210
80,10211,投影仪；黑板；黑板刷；粉笔,1-211
80,10212,投影仪；黑板；黑板刷；粉笔,1-212
300,10301,投影仪；黑板；黑板刷；粉笔,1-301
80,10302,投影仪；黑板；黑板刷；粉笔,1-302
80,10303,投影仪；黑板；黑板刷；粉笔,1-303
80,10304,投影仪；黑板；黑板刷；粉笔,1-304
300,10305,投影仪；黑板；黑板刷；粉笔,1-305
200,10306,投影仪；黑板；黑板刷；粉笔,1-306
120,10307,"投影仪；黑板；黑板刷；粉笔；多媒体；耳机；语音箱
；化学试剂套装；传感器；电压表；电流表；频谱分析仪等电工实验器材；安全隔离仪器；医学仪器；工程光学仪器等",1-307
300,10308,投影仪；黑板；黑板刷；粉笔,1-308
80,10309,投影仪；黑板；黑板刷；粉笔,1-309
80,10310,投影仪；黑板；黑板刷；粉笔,1-310
80,10311,投影仪；黑板；黑板刷；粉笔,1-311
80,10312,投影仪；黑板；黑板刷；粉笔,1-312
300,10401,投影仪；黑板；黑板刷；粉笔,1-401
80,10402,投影仪；黑板；黑板刷；粉笔,1-402
80,10403,投影仪；黑板；黑板刷；粉笔,1-403
80,10404,投影仪；黑板；黑板刷；粉笔,1-404
300,10405,投影仪；黑板；黑板刷；粉笔,1-405
200,10406,投影仪；黑板；黑板刷；粉笔,1-406
120,10407,"投影仪；黑板；黑板刷；粉笔；多媒体；耳机；语音箱
；化学试剂套装；传感器；电压表；电流表；频谱分析仪等电工实验器材；安全隔离仪器；医学仪器；工程光学仪器等",1-407
300,10408,投影仪；黑板；黑板刷；粉笔,1-408
80,10409,投影仪；黑板；黑板刷；粉笔,1-409
80,10410,投影仪；黑板；黑板刷；粉笔,1-410
80,10411,投影仪；黑板；黑板刷；粉笔,1-411
80,10412,投影仪；黑板；黑板刷；粉笔,1-412
300,10501,投影仪；黑板；黑板刷；粉笔,1-501
80,10502,投影仪；黑板；黑板刷；粉笔,1-502
80,10503,投影仪；黑板；黑板刷；粉笔,1-503
80,10504,投影仪；黑板；黑板刷；粉笔,1-504
200,10505,投影仪；黑板；黑板刷；粉笔,1-505
300,10506,投影仪；黑板；黑板刷；粉笔,1-506
120,10507,"投影仪；黑板；黑板刷；粉笔；多媒体；耳机；语音箱
；化学试剂套装；传感器；电压表；电流表；频谱分析仪等电工实验器材；安全隔离仪器；医学仪器；工程光学仪器等",1-507
200,10508,投影仪；黑板；黑板刷；粉笔,1-508
80,10509,投影仪；黑板；黑板刷；粉笔,1-509
80,10510,投影仪；黑板；黑板刷；粉笔,1-510
80,10511,投影仪；黑板；黑板刷；粉笔,1-511
80,10512,投影仪；黑板；黑板刷；粉笔,1-512
300,10601,投影仪；黑板；黑板刷；粉笔,1-601
80,10602,投影仪；黑板；黑板刷；粉笔,1-602
80,10603,投影仪；黑板；黑板刷；粉笔,1-603
80,10604,投影仪；黑板；黑板刷；粉笔,1-604
200,10605,投影仪；黑板；黑板刷；粉笔,1-605
300,10606,投影仪；黑板；黑板刷；粉笔,1-606
120,10607,"投影仪；黑板；黑板刷；粉笔；多媒体；耳机；语音箱
；化学试剂套装；传感器；电压表；电流表；频谱分析仪等电工实验器材；安全隔离仪器；医学仪器；工程光学仪器等",1-607
200,10608,投影仪；黑板；黑板刷；粉笔,1-608
80,10609,投影仪；黑板；黑板刷；粉笔,1-609
80,10610,投影仪；黑板；黑板刷；粉笔,1-610
80,10611,投影仪；黑板；黑板刷；粉笔,1-611
80,10612,投影仪；黑板；黑板刷；粉笔,1-612
300,20101,投影仪；黑板；黑板刷；粉笔,2-101
80,20102,投影仪；黑板；黑板刷；粉笔,2-102
80,20103,投影仪；黑板；黑板刷；粉笔,2-103
80,20104,投影仪；黑板；黑板刷；粉笔,2-104
300,20105,投影仪；黑板；黑板刷；粉笔,2-105
200,20106,投影仪；黑板；黑板刷；粉笔,2-106
120,20107,"投影仪；黑板；黑板刷；粉笔；多媒体；耳机；语音箱
；化学试剂套装；传感器；电压表；电流表；频谱分析仪等电工实验器材；安全隔离仪器；医学仪器；工程光学仪器等",2-107
300,20108,投影仪；黑板；黑板刷；粉笔,2-108
80,20109,投影仪；黑板；黑板刷；粉笔,2-109
80,20110,投影仪；黑板；黑板刷；粉笔,2-110
80,20111,投影仪；黑板；黑板刷；粉笔,2-111
80,20112,投影仪；黑板；黑板刷；粉笔,2-112
300,20201,投影仪；黑板；黑板刷；粉笔,2-201
80,20202,投影仪；黑板；黑板刷；粉笔,2-202
80,20203,投影仪；黑板；黑板刷；粉笔,2-203
80,20204,投影仪；黑板；黑板刷；粉笔,2-204
200,20205,投影仪；黑板；黑板刷；粉笔,2-205
200,20206,投影仪；黑板；黑板刷；粉笔,2-206
120,20207,"投影仪；黑板；黑板刷；粉笔；多媒体；耳机；语音箱
；化学试剂套装；传感器；电压表；电流表；频谱分析仪等电工实验器材；安全隔离仪器；医学仪器；工程光学仪器等",2-207
200,20208,投影仪；黑板；黑板刷；粉笔,2-208
80,20209,投影仪；黑板；黑板刷；粉笔,2-209
80,20210,投影仪；黑板；黑板刷；粉笔,2-210
80,20211,投影仪；黑板；黑板刷；粉笔,2-211
80,20212,投影仪；黑板；黑板刷；粉笔,2-212
200,20301,投影仪；黑板；黑板刷；粉笔,2-301
80,20302,投影仪；黑板；黑板刷；粉笔,2-302
80,20303,投影仪；黑板；黑板刷；粉笔,2-303
80,20304,投影仪；黑板；黑板刷；粉笔,2-304
200,20305,投影仪；黑板；黑板刷；粉笔,2-305
300,20306,投影仪；黑板；黑板刷；粉笔,2-306
120,20307,"投影仪；黑板；黑板刷；粉笔；多媒体；耳机；语音箱
；化学试剂套装；传感器；电压表；电流表；频谱分析仪等电工实验器材；安全隔离仪器；医学仪器；工程光学仪器等",2-307
300,20308,投影仪；黑板；黑板刷；粉笔,2-308
80,20309,投影仪；黑板；黑板刷；粉笔,2-309
80,20310,投影仪；黑板；黑板刷；粉笔,2-310
80,20311,投影仪；黑板；黑板刷；粉笔,2-311
80,20312,投影仪；黑板；黑板刷；粉笔,2-312
300,20401,投影仪；黑板；黑板刷；粉笔,2-401
80,20402,投影仪；黑板；黑板刷；粉笔,2-402
80,20403,投影仪；黑板；黑板刷；粉笔,2-403
80,20404,投影仪；黑板；黑板刷；粉笔,2-404
200,20405,投影仪；黑板；黑板刷；粉笔,2-405
300,20406,投影仪；黑板；黑板刷；粉笔,2-406
120,20407,"投影仪；黑板；黑板刷；粉笔；多媒体；耳机；语音箱
；化学试剂套装；传感器；电压表；电流表；频谱分析仪等电工实验器材；安全隔离仪器；医学仪器；工程光学仪器等",2-407
300,20408,投影仪；黑板；黑板刷；粉笔,2-408
80,20409,投影仪；黑板；黑板刷；粉笔,2-409
80,20410,投影仪；黑板；黑板刷；粉笔,2-410
80,20411,投影仪；黑板；黑板刷；粉笔,2-411
80,20412,投影仪；黑板；黑板刷；粉笔,2-412
200,20501,投影仪；黑板；黑板刷；粉笔,2-501
80,20502,投影仪；黑板；黑板刷；粉笔,2-502
80,20503,投影仪；黑板；黑板刷；粉笔,2-503
80,20504,投影仪；黑板；黑板刷；粉笔,2-504
200,20505,投影仪；黑板；黑板刷；粉笔,2-505
300,20506,投影仪；黑板；黑板刷；粉笔,2-506
120,20507,"投影仪；黑板；黑板刷；粉笔；多媒体；耳机；语音箱
；化学试剂套装；传感器；电压表；电流表；频谱分析仪等电工实验器材；安全隔离仪器；医学仪器；工程光学仪器等",2-507
200,20508,投影仪；黑板；黑板刷；粉笔,2-508
80,20509,投影仪；黑板；黑板刷；粉笔,2-509
80,20510,投影仪；黑板；黑板刷；粉笔,2-510
80,20511,投影仪；黑板；黑板刷；粉笔,2-511
80,20512,投影仪；黑板；黑板刷；粉笔,2-512
300,20601,投影仪；黑板；黑板刷；粉笔,2-601
80,20602,投影仪；黑板；黑板刷；粉笔,2-602
80,20603,投影仪；黑板；黑板刷；粉笔,2-603
80,20604,投影仪；黑板；黑板刷；粉笔,2-604
300,20605,投影仪；黑板；黑板刷；粉笔,2-605
300,20606,投影仪；黑板；黑板刷；粉笔,2-606
120,20607,"投影仪；黑板；黑板刷；粉笔；多媒体；耳机；语音箱
；化学试剂套装；传感器；电压表；电流表；频谱分析仪等电工实验器材；安全隔离仪器；医学仪器；工程光学仪器等",2-607
200,20608,投影仪；黑板；黑板刷；粉笔,2-608
80,20609,投影仪；黑板；黑板刷；粉笔,2-609
80,20610,投影仪；黑板；黑板刷；粉笔,2-610
80,20611,投影仪；黑板；黑板刷；粉笔,2-611
80,20612,投影仪；黑板；黑板刷；粉笔,2-612
200,30101,投影仪；黑板；黑板刷；粉笔,3-101
80,30102,投影仪；黑板；黑板刷；粉笔,3-102
80,30103,投影仪；黑板；黑板刷；粉笔,3-103
80,30104,投影仪；黑板；黑板刷；粉笔,3-104
300,30105,投影仪；黑板；黑板刷；粉笔,3-105
200,30106,投影仪；黑板；黑板刷；粉笔,3-106
120,30107,"投影仪；黑板；黑板刷；粉笔；多媒体；耳机；语音箱
；化学试剂套装；传感器；电压表；电流表；频谱分析仪等电工实验器材；安全隔离仪器；医学仪器；工程光学仪器等",3-107
300,30108,投影仪；黑板；黑板刷；粉笔,3-108
80,30109,投影仪；黑板；黑板刷；粉笔,3-109
80,30110,投影仪；黑板；黑板刷；粉笔,3-110
80,30111,投影仪；黑板；黑板刷；粉笔,3-111
80,30112,投影仪；黑板；黑板刷；粉笔,3-112
300,30201,投影仪；黑板；黑板刷；粉笔,3-201
80,30202,投影仪；黑板；黑板刷；粉笔,3-202
80,30203,投影仪；黑板；黑板刷；粉笔,3-203
80,30204,投影仪；黑板；黑板刷；粉笔,3-204
300,30205,投影仪；黑板；黑板刷；粉笔,3-205
200,30206,投影仪；黑板；黑板刷；粉笔,3-206
120,30207,"投影仪；黑板；黑板刷；粉笔；多媒体；耳机；语音箱
；化学试剂套装；传感器；电压表；电流表；频谱分析仪等电工实验器材；安全隔离仪器；医学仪器；工程光学仪器等",3-207
300,30208,投影仪；黑板；黑板刷；粉笔,3-208
80,30209,投影仪；黑板；黑板刷；粉笔,3-209
80,30210,投影仪；黑板；黑板刷；粉笔,3-210
80,30211,投影仪；黑板；黑板刷；粉笔,3-211
80,30212,投影仪；黑板；黑板刷；粉笔,3-212
300,30301,投影仪；黑板；黑板刷；粉笔,3-301
80,30302,投影仪；黑板；黑板刷；粉笔,3-302
80,30303,投影仪；黑板；黑板刷；粉笔,3-303
80,30304,投影仪；黑板；黑板刷；粉笔,3-304
300,30305,投影仪；黑板；黑板刷；粉笔,3-305
200,30306,投影仪；黑板；黑板刷；粉笔,3-306
120,30307,"投影仪；黑板；黑板刷；粉笔；多媒体；耳机；语音箱
；化学试剂套装；传感器；电压表；电流表；频谱分析仪等电工实验器材；安全隔离仪器；医学仪器；工程光学仪器等",3-307
200,30308,投影仪；黑板；黑板刷；粉笔,3-308
80,30309,投影仪；黑板；黑板刷；粉笔,3-309
80,30310,投影仪；黑板；黑板刷；粉笔,3-310
80,30311,投影仪；黑板；黑板刷；粉笔,3-311
80,30312,投影仪；黑板；黑板刷；粉笔,3-312
200,30401,投影仪；黑板；黑板刷；粉笔,3-401
80,30402,投影仪；黑板；黑板刷；粉笔,3-402
80,30403,投影仪；黑板；黑板刷；粉笔,3-403
80,30404,投影仪；黑板；黑板刷；粉笔,3-404
200,30405,投影仪；黑板；黑板刷；粉笔,3-405
200,30406,投影仪；黑板；黑板刷；粉笔,3-406
120,30407,投影仪；黑板；黑板刷；粉笔；多媒体；耳机；语音箱
；化学试剂套装；传感器；电压表；电流表；频谱分析仪等电工实验器材；安全隔离仪器；医学仪器；工程光学仪器等",3-407
200,30408,投影仪；黑板；黑板刷；粉笔,3-408
80,30409,投影仪；黑板；黑板刷；粉笔,3-409
80,30410,投影仪；黑板；黑板刷；粉笔,3-410
80,30411,投影仪；黑板；黑板刷；粉笔,3-411
80,30412,投影仪；黑板；黑板刷；粉笔,3-412
200,30501,投影仪；黑板；黑板刷；粉笔,3-501
80,30502,投影仪；黑板；黑板刷；粉笔,3-502
80,30503,投影仪；黑板；黑板刷；粉笔,3-503
80,30504,投影仪；黑板；黑板刷；粉笔,3-504
300,30505,投影仪；黑板；黑板刷；粉笔,3-505
300,30506,投影仪；黑板；黑板刷；粉笔,3-506
120,30507,"投影仪；黑板；黑板刷；粉笔；多媒体；耳机；语音箱
；化学试剂套装；传感器；电压表；电流表；频谱分析仪等电工实验器材；安全隔离仪器；医学仪器；工程光学仪器等",3-507
300,30508,投影仪；黑板；黑板刷；粉笔,3-508
80,30509,投影仪；黑板；黑板刷；粉笔,3-509
80,30510,投影仪；黑板；黑板刷；粉笔,3-510
80,30511,投影仪；黑板；黑板刷；粉笔,3-511
80,30512,投影仪；黑板；黑板刷；粉笔,3-512
300,30601,投影仪；黑板；黑板刷；粉笔,3-601
80,30602,投影仪；黑板；黑板刷；粉笔,3-602
80,30603,投影仪；黑板；黑板刷；粉笔,3-603
80,30604,投影仪；黑板；黑板刷；粉笔,3-604
200,30605,投影仪；黑板；黑板刷；粉笔,3-605
300,30606,投影仪；黑板；黑板刷；粉笔,3-606
120,30607,"投影仪；黑板；黑板刷；粉笔；多媒体；耳机；语音箱
；化学试剂套装；传感器；电压表；电流表；频谱分析仪等电工实验器材；安全隔离仪器；医学仪器；工程光学仪器等",3-607
300,30608,投影仪；黑板；黑板刷；粉笔,3-608
80,30609,投影仪；黑板；黑板刷；粉笔,3-609
80,30610,投影仪；黑板；黑板刷；粉笔,3-610
80,30611,投影仪；黑板；黑板刷；粉笔,3-611
80,30612,投影仪；黑板；黑板刷；粉笔,3-612
300,40101,投影仪；黑板；黑板刷；粉笔,4-101
80,40102,投影仪；黑板；黑板刷；粉笔,4-102
80,40103,投影仪；黑板；黑板刷；粉笔,4-103
80,40104,投影仪；黑板；黑板刷；粉笔,4-104
300,40105,投影仪；黑板；黑板刷；粉笔,4-105
200,40106,投影仪；黑板；黑板刷；粉笔,4-106
120,40107,"投影仪；黑板；黑板刷；粉笔；多媒体；耳机；语音箱
；化学试剂套装；传感器；电压表；电流表；频谱分析仪等电工实验器材；安全隔离仪器；医学仪器；工程光学仪器等",4-107
300,40108,投影仪；黑板；黑板刷；粉笔,4-108
80,40109,投影仪；黑板；黑板刷；粉笔,4-109
80,40110,投影仪；黑板；黑板刷；粉笔,4-110
80,40111,投影仪；黑板；黑板刷；粉笔,4-111
80,40112,投影仪；黑板；黑板刷；粉笔,4-112
300,40201,投影仪；黑板；黑板刷；粉笔,4-201
80,40202,投影仪；黑板；黑板刷；粉笔,4-202
80,40203,投影仪；黑板；黑板刷；粉笔,4-203
80,40204,投影仪；黑板；黑板刷；粉笔,4-204
300,40205,投影仪；黑板；黑板刷；粉笔,4-205
300,40206,投影仪；黑板；黑板刷；粉笔,4-206
120,40207,"投影仪；黑板；黑板刷；粉笔；多媒体；耳机；语音箱
；化学试剂套装；传感器；电压表；电流表；频谱分析仪等电工实验器材；安全隔离仪器；医学仪器；工程光学仪器等",4-207
300,40208,投影仪；黑板；黑板刷；粉笔,4-208
80,40209,投影仪；黑板；黑板刷；粉笔,4-209
80,40210,投影仪；黑板；黑板刷；粉笔,4-210
80,40211,投影仪；黑板；黑板刷；粉笔,4-211
80,40212,投影仪；黑板；黑板刷；粉笔,4-212
300,40301,投影仪；黑板；黑板刷；粉笔,4-301
80,40302,投影仪；黑板；黑板刷；粉笔,4-302
80,40303,投影仪；黑板；黑板刷；粉笔,4-303
80,40304,投影仪；黑板；黑板刷；粉笔,4-304
300,40305,投影仪；黑板；黑板刷；粉笔,4-305
200,40306,投影仪；黑板；黑板刷；粉笔,4-306
120,40307,"投影仪；黑板；黑板刷；粉笔；多媒体；耳机；语音箱
；化学试剂套装；传感器；电压表；电流表；频谱分析仪等电工实验器材；安全隔离仪器；医学仪器；工程光学仪器等",4-307
200,40308,投影仪；黑板；黑板刷；粉笔,4-308
80,40309,投影仪；黑板；黑板刷；粉笔,4-309
80,40310,投影仪；黑板；黑板刷；粉笔,4-310
80,40311,投影仪；黑板；黑板刷；粉笔,4-311
80,40312,投影仪；黑板；黑板刷；粉笔,4-312
300,40401,投影仪；黑板；黑板刷；粉笔,4-401
80,40402,投影仪；黑板；黑板刷；粉笔,4-402
80,40403,投影仪；黑板；黑板刷；粉笔,4-403
80,40404,投影仪；黑板；黑板刷；粉笔,4-404
300,40405,投影仪；黑板；黑板刷；粉笔,4-405
300,40406,投影仪；黑板；黑板刷；粉笔,4-406
120,40407,"投影仪；黑板；黑板刷；粉笔；多媒体；耳机；语音箱
；化学试剂套装；传感器；电压表；电流表；频谱分析仪等电工实验器材；安全隔离仪器；医学仪器；工程光学仪器等",4-407
200,40408,投影仪；黑板；黑板刷；粉笔,4-408
80,40409,投影仪；黑板；黑板刷；粉笔,4-409
80,40410,投影仪；黑板；黑板刷；粉笔,4-410
80,40411,投影仪；黑板；黑板刷；粉笔,4-411
80,40412,投影仪；黑板；黑板刷；粉笔,4-412
200,40501,投影仪；黑板；黑板刷；粉笔,4-501
80,40502,投影仪；黑板；黑板刷；粉笔,4-502
80,40503,投影仪；黑板；黑板刷；粉笔,4-503
80,40504,投影仪；黑板；黑板刷；粉笔,4-504
200,40505,投影仪；黑板；黑板刷；粉笔,4-505
200,40506,投影仪；黑板；黑板刷；粉笔,4-506
120,40507,"投影仪；黑板；黑板刷；粉笔；多媒体；耳机；语音箱
；化学试剂套装；传感器；电压表；电流表；频谱分析仪等电工实验器材；安全隔离仪器；医学仪器；工程光学仪器等",4-507
300,40508,投影仪；黑板；黑板刷；粉笔,4-508
80,40509,投影仪；黑板；黑板刷；粉笔,4-509
80,40510,投影仪；黑板；黑板刷；粉笔,4-510
80,40511,投影仪；黑板；黑板刷；粉笔,4-511
80,40512,投影仪；黑板；黑板刷；粉笔,4-512
300,40601,投影仪；黑板；黑板刷；粉笔,4-601
80,40602,投影仪；黑板；黑板刷；粉笔,4-602
80,40603,投影仪；黑板；黑板刷；粉笔,4-603
80,40604,投影仪；黑板；黑板刷；粉笔,4-604
300,40605,投影仪；黑板；黑板刷；粉笔,4-605
300,40606,投影仪；黑板；黑板刷；粉笔,4-606
120,40607,"投影仪；黑板；黑板刷；粉笔；多媒体；耳机；语音箱
；化学试剂套装；传感器；电压表；电流表；频谱分析仪等电工实验器材；安全隔离仪器；医学仪器；工程光学仪器等",4-607
200,40608,投影仪；黑板；黑板刷；粉笔,4-608
80,40609,投影仪；黑板；黑板刷；粉笔,4-609
80,40610,投影仪；黑板；黑板刷；粉笔,4-610
80,40611,投影仪；黑板；黑板刷；粉笔,4-611
80,40612,投影仪；黑板；黑板刷；粉笔,4-612
300,40701,投影仪；黑板；黑板刷；粉笔,4-701
80,40702,投影仪；黑板；黑板刷；粉笔,4-702
80,40703,投影仪；黑板；黑板刷；粉笔,4-703
80,40704,投影仪；黑板；黑板刷；粉笔,4-704
200,40705,投影仪；黑板；黑板刷；粉笔,4-705
300,40706,投影仪；黑板；黑板刷；粉笔,4-706
120,40707,"投影仪；黑板；黑板刷；粉笔；多媒体；耳机；语音箱
；化学试剂套装；传感器；电压表；电流表；频谱分析仪等电工实验器材；安全隔离仪器；医学仪器；工程光学仪器等",4-707
300,40708,投影仪；黑板；黑板刷；粉笔,4-708
80,40709,投影仪；黑板；黑板刷；粉笔,4-709
80,40710,投影仪；黑板；黑板刷；粉笔,4-710
80,40711,投影仪；黑板；黑板刷；粉笔,4-711
80,40712,投影仪；黑板；黑板刷；粉笔,4-712
300,50101,投影仪；黑板；黑板刷；粉笔,5-101
80,50102,投影仪；黑板；黑板刷；粉笔,5-102
80,50103,投影仪；黑板；黑板刷；粉笔,5-103
80,50104,投影仪；黑板；黑板刷；粉笔,5-104
200,50105,投影仪；黑板；黑板刷；粉笔,5-105
200,50106,投影仪；黑板；黑板刷；粉笔,5-106
120,50107,"投影仪；黑板；黑板刷；粉笔；多媒体；耳机；语音箱
；化学试剂套装；传感器；电压表；电流表；频谱分析仪等电工实验器材；安全隔离仪器；医学仪器；工程光学仪器等",5-107
300,50108,投影仪；黑板；黑板刷；粉笔,5-108
80,50109,投影仪；黑板；黑板刷；粉笔,5-109
80,50110,投影仪；黑板；黑板刷；粉笔,5-110
80,50111,投影仪；黑板；黑板刷；粉笔,5-111
80,50112,投影仪；黑板；黑板刷；粉笔,5-112
200,50201,投影仪；黑板；黑板刷；粉笔,5-201
80,50202,投影仪；黑板；黑板刷；粉笔,5-202
80,50203,投影仪；黑板；黑板刷；粉笔,5-203
80,50204,投影仪；黑板；黑板刷；粉笔,5-204
300,50205,投影仪；黑板；黑板刷；粉笔,5-205
200,50206,投影仪；黑板；黑板刷；粉笔,5-206
120,50207,"投影仪；黑板；黑板刷；粉笔；多媒体；耳机；语音箱
；化学试剂套装；传感器；电压表；电流表；频谱分析仪等电工实验器材；安全隔离仪器；医学仪器；工程光学仪器等",5-207
300,50208,投影仪；黑板；黑板刷；粉笔,5-208
80,50209,投影仪；黑板；黑板刷；粉笔,5-209
80,50210,投影仪；黑板；黑板刷；粉笔,5-210
80,50211,投影仪；黑板；黑板刷；粉笔,5-211
80,50212,投影仪；黑板；黑板刷；粉笔,5-212
300,50301,投影仪；黑板；黑板刷；粉笔,5-301
80,50302,投影仪；黑板；黑板刷；粉笔,5-302
80,50303,投影仪；黑板；黑板刷；粉笔,5-303
80,50304,投影仪；黑板；黑板刷；粉笔,5-304
300,50305,投影仪；黑板；黑板刷；粉笔,5-305
200,50306,投影仪；黑板；黑板刷；粉笔,5-306
120,50307,"投影仪；黑板；黑板刷；粉笔；多媒体；耳机；语音箱
；化学试剂套装；传感器；电压表；电流表；频谱分析仪等电工实验器材；安全隔离仪器；医学仪器；工程光学仪器等",5-307
300,50308,投影仪；黑板；黑板刷；粉笔,5-308
80,50309,投影仪；黑板；黑板刷；粉笔,5-309
80,50310,投影仪；黑板；黑板刷；粉笔,5-310
80,50311,投影仪；黑板；黑板刷；粉笔,5-311
80,50312,投影仪；黑板；黑板刷；粉笔,5-312
300,50401,投影仪；黑板；黑板刷；粉笔,5-401
80,50402,投影仪；黑板；黑板刷；粉笔,5-402
80,50403,投影仪；黑板；黑板刷；粉笔,5-403
80,50404,投影仪；黑板；黑板刷；粉笔,5-404
300,50405,投影仪；黑板；黑板刷；粉笔,5-405
200,50406,投影仪；黑板；黑板刷；粉笔,5-406
120,50407,"投影仪；黑板；黑板刷；粉笔；多媒体；耳机；语音箱
；化学试剂套装；传感器；电压表；电流表；频谱分析仪等电工实验器材；安全隔离仪器；医学仪器；工程光学仪器等",5-407
200,50408,投影仪；黑板；黑板刷；粉笔,5-408
80,50409,投影仪；黑板；黑板刷；粉笔,5-409
80,50410,投影仪；黑板；黑板刷；粉笔,5-410
80,50411,投影仪；黑板；黑板刷；粉笔,5-411
80,50412,投影仪；黑板；黑板刷；粉笔,5-412
200,50501,投影仪；黑板；黑板刷；粉笔,5-501
80,50502,投影仪；黑板；黑板刷；粉笔,5-502
80,50503,投影仪；黑板；黑板刷；粉笔,5-503
80,50504,投影仪；黑板；黑板刷；粉笔,5-504
200,50505,投影仪；黑板；黑板刷；粉笔,5-505
300,50506,投影仪；黑板；黑板刷；粉笔,5-506
120,50507,"投影仪；黑板；黑板刷；粉笔；多媒体；耳机；语音箱
；化学试剂套装；传感器；电压表；电流表；频谱分析仪等电工实验器材；安全隔离仪器；医学仪器；工程光学仪器等",5-507
200,50508,投影仪；黑板；黑板刷；粉笔,5-508
80,50509,投影仪；黑板；黑板刷；粉笔,5-509
80,50510,投影仪；黑板；黑板刷；粉笔,5-510
80,50511,投影仪；黑板；黑板刷；粉笔,5-511
80,50512,投影仪；黑板；黑板刷；粉笔,5-512
200,60101,投影仪；黑板；黑板刷；粉笔,6-101
80,60102,投影仪；黑板；黑板刷；粉笔,6-102
80,60103,投影仪；黑板；黑板刷；粉笔,6-103
80,60104,投影仪；黑板；黑板刷；粉笔,6-104
200,60105,投影仪；黑板；黑板刷；粉笔,6-105
200,60106,投影仪；黑板；黑板刷；粉笔,6-106
120,60107,"投影仪；黑板；黑板刷；粉笔；多媒体；耳机；语音箱
；化学试剂套装；传感器；电压表；电流表；频谱分析仪等电工实验器材；安全隔离仪器；医学仪器；工程光学仪器等",6-107
200,60108,投影仪；黑板；黑板刷；粉笔,6-108
80,60109,投影仪；黑板；黑板刷；粉笔,6-109
80,60110,投影仪；黑板；黑板刷；粉笔,6-110
80,60111,投影仪；黑板；黑板刷；粉笔,6-111
80,60112,投影仪；黑板；黑板刷；粉笔,6-112
300,60201,投影仪；黑板；黑板刷；粉笔,6-201
80,60202,投影仪；黑板；黑板刷；粉笔,6-202
80,60203,投影仪；黑板；黑板刷；粉笔,6-203
80,60204,投影仪；黑板；黑板刷；粉笔,6-204
200,60205,投影仪；黑板；黑板刷；粉笔,6-205
200,60206,投影仪；黑板；黑板刷；粉笔,6-206
120,60207,"投影仪；黑板；黑板刷；粉笔；多媒体；耳机；语音箱
；化学试剂套装；传感器；电压表；电流表；频谱分析仪等电工实验器材；安全隔离仪器；医学仪器；工程光学仪器等",6-207
300,60208,投影仪；黑板；黑板刷；粉笔,6-208
80,60209,投影仪；黑板；黑板刷；粉笔,6-209
80,60210,投影仪；黑板；黑板刷；粉笔,6-210
80,60211,投影仪；黑板；黑板刷；粉笔,6-211
80,60212,投影仪；黑板；黑板刷；粉笔,6-212
300,60301,投影仪；黑板；黑板刷；粉笔,6-301
80,60302,投影仪；黑板；黑板刷；粉笔,6-302
80,60303,投影仪；黑板；黑板刷；粉笔,6-303
80,60304,投影仪；黑板；黑板刷；粉笔,6-304
200,60305,投影仪；黑板；黑板刷；粉笔,6-305
200,60306,投影仪；黑板；黑板刷；粉笔,6-306
120,60307,"投影仪；黑板；黑板刷；粉笔；多媒体；耳机；语音箱
；化学试剂套装；传感器；电压表；电流表；频谱分析仪等电工实验器材；安全隔离仪器；医学仪器；工程光学仪器等",6-307
200,60308,投影仪；黑板；黑板刷；粉笔,6-308
80,60309,投影仪；黑板；黑板刷；粉笔,6-309
80,60310,投影仪；黑板；黑板刷；粉笔,6-310
80,60311,投影仪；黑板；黑板刷；粉笔,6-311
80,60312,投影仪；黑板；黑板刷；粉笔,6-312
300,60401,投影仪；黑板；黑板刷；粉笔,6-401
80,60402,投影仪；黑板；黑板刷；粉笔,6-402
80,60403,投影仪；黑板；黑板刷；粉笔,6-403
80,60404,投影仪；黑板；黑板刷；粉笔,6-404
300,60405,投影仪；黑板；黑板刷；粉笔,6-405
300,60406,投影仪；黑板；黑板刷；粉笔,6-406
120,60407,"投影仪；黑板；黑板刷；粉笔；多媒体；耳机；语音箱
；化学试剂套装；传感器；电压表；电流表；频谱分析仪等电工实验器材；安全隔离仪器；医学仪器；工程光学仪器等",6-407
300,60408,投影仪；黑板；黑板刷；粉笔,6-408
80,60409,投影仪；黑板；黑板刷；粉笔,6-409
80,60410,投影仪；黑板；黑板刷；粉笔,6-410
80,60411,投影仪；黑板；黑板刷；粉笔,6-411
80,60412,投影仪；黑板；黑板刷；粉笔,6-412
200,60501,投影仪；黑板；黑板刷；粉笔,6-501
80,60502,投影仪；黑板；黑板刷；粉笔,6-502
80,60503,投影仪；黑板；黑板刷；粉笔,6-503
80,60504,投影仪；黑板；黑板刷；粉笔,6-504
200,60505,投影仪；黑板；黑板刷；粉笔,6-505
200,60506,投影仪；黑板；黑板刷；粉笔,6-506
120,60507,"投影仪；黑板；黑板刷；粉笔；多媒体；耳机；语音箱
；化学试剂套装；传感器；电压表；电流表；频谱分析仪等电工实验器材；安全隔离仪器；医学仪器；工程光学仪器等",6-507
300,60508,投影仪；黑板；黑板刷；粉笔,6-508
80,60509,投影仪；黑板；黑板刷；粉笔,6-509
80,60510,投影仪；黑板；黑板刷；粉笔,6-510
80,60511,投影仪；黑板；黑板刷；粉笔,6-511
80,60512,投影仪；黑板；黑板刷；粉笔,6-512
300,60601,投影仪；黑板；黑板刷；粉笔,6-601
80,60602,投影仪；黑板；黑板刷；粉笔,6-602
80,60603,投影仪；黑板；黑板刷；粉笔,6-603
80,60604,投影仪；黑板；黑板刷；粉笔,6-604
200,60605,投影仪；黑板；黑板刷；粉笔,6-605
200,60606,投影仪；黑板；黑板刷；粉笔,6-606
120,60607,"投影仪；黑板；黑板刷；粉笔；多媒体；耳机；语音箱
；化学试剂套装；传感器；电压表；电流表；频谱分析仪等电工实验器材；安全隔离仪器；医学仪器；工程光学仪器等",6-607
300,60608,投影仪；黑板；黑板刷；粉笔,6-608
80,60609,投影仪；黑板；黑板刷；粉笔,6-609
80,60610,投影仪；黑板；黑板刷；粉笔,6-610
80,60611,投影仪；黑板；黑板刷；粉笔,6-611
80,60612,投影仪；黑板；黑板刷；粉笔,6-612
300,60701,投影仪；黑板；黑板刷；粉笔,6-701
80,60702,投影仪；黑板；黑板刷；粉笔,6-702
80,60703,投影仪；黑板；黑板刷；粉笔,6-703
80,60704,投影仪；黑板；黑板刷；粉笔,6-704
300,60705,投影仪；黑板；黑板刷；粉笔,6-705
200,60706,投影仪；黑板；黑板刷；粉笔,6-706
120,60707,"投影仪；黑板；黑板刷；粉笔；多媒体；耳机；语音箱
；化学试剂套装；传感器；电压表；电流表；频谱分析仪等电工实验器材；安全隔离仪器；医学仪器；工程光学仪器等",6-707
300,60708,投影仪；黑板；黑板刷；粉笔,6-708
80,60709,投影仪；黑板；黑板刷；粉笔,6-709
80,60710,投影仪；黑板；黑板刷；粉笔,6-710
80,60711,投影仪；黑板；黑板刷；粉笔,6-711
80,60712,投影仪；黑板；黑板刷；粉笔,6-712
300,70101,投影仪；黑板；黑板刷；粉笔,7-101
80,70102,投影仪；黑板；黑板刷；粉笔,7-102
80,70103,投影仪；黑板；黑板刷；粉笔,7-103
80,70104,投影仪；黑板；黑板刷；粉笔,7-104
200,70105,投影仪；黑板；黑板刷；粉笔,7-105
200,70106,投影仪；黑板；黑板刷；粉笔,7-106
120,70107,"投影仪；黑板；黑板刷；粉笔；多媒体；耳机；语音箱
；化学试剂套装；传感器；电压表；电流表；频谱分析仪等电工实验器材；安全隔离仪器；医学仪器；工程光学仪器等",7-107
200,70108,投影仪；黑板；黑板刷；粉笔,7-108
80,70109,投影仪；黑板；黑板刷；粉笔,7-109
80,70110,投影仪；黑板；黑板刷；粉笔,7-110
80,70111,投影仪；黑板；黑板刷；粉笔,7-111
80,70112,投影仪；黑板；黑板刷；粉笔,7-112
200,70201,投影仪；黑板；黑板刷；粉笔,7-201
80,70202,投影仪；黑板；黑板刷；粉笔,7-202
80,70203,投影仪；黑板；黑板刷；粉笔,7-203
80,70204,投影仪；黑板；黑板刷；粉笔,7-204
200,70205,投影仪；黑板；黑板刷；粉笔,7-205
200,70206,投影仪；黑板；黑板刷；粉笔,7-206
120,70207,"投影仪；黑板；黑板刷；粉笔；多媒体；耳机；语音箱
；化学试剂套装；传感器；电压表；电流表；频谱分析仪等电工实验器材；安全隔离仪器；医学仪器；工程光学仪器等",7-207
300,70208,投影仪；黑板；黑板刷；粉笔,7-208
80,70209,投影仪；黑板；黑板刷；粉笔,7-209
80,70210,投影仪；黑板；黑板刷；粉笔,7-210
80,70211,投影仪；黑板；黑板刷；粉笔,7-211
80,70212,投影仪；黑板；黑板刷；粉笔,7-212
200,70301,投影仪；黑板；黑板刷；粉笔,7-301
80,70302,投影仪；黑板；黑板刷；粉笔,7-302
80,70303,投影仪；黑板；黑板刷；粉笔,7-303
80,70304,投影仪；黑板；黑板刷；粉笔,7-304
300,70305,投影仪；黑板；黑板刷；粉笔,7-305
200,70306,投影仪；黑板；黑板刷；粉笔,7-306
120,70307,"投影仪；黑板；黑板刷；粉笔；多媒体；耳机；语音箱
；化学试剂套装；传感器；电压表；电流表；频谱分析仪等电工实验器材；安全隔离仪器；医学仪器；工程光学仪器等",7-307
300,70308,投影仪；黑板；黑板刷；粉笔,7-308
80,70309,投影仪；黑板；黑板刷；粉笔,7-309
80,70310,投影仪；黑板；黑板刷；粉笔,7-310
80,70311,投影仪；黑板；黑板刷；粉笔,7-311
80,70312,投影仪；黑板；黑板刷；粉笔,7-312
200,70401,投影仪；黑板；黑板刷；粉笔,7-401
80,70402,投影仪；黑板；黑板刷；粉笔,7-402
80,70403,投影仪；黑板；黑板刷；粉笔,7-403
80,70404,投影仪；黑板；黑板刷；粉笔,7-404
300,70405,投影仪；黑板；黑板刷；粉笔,7-405
200,70406,投影仪；黑板；黑板刷；粉笔,7-406
120,70407,"投影仪；黑板；黑板刷；粉笔；多媒体；耳机；语音箱
；化学试剂套装；传感器；电压表；电流表；频谱分析仪等电工实验器材；安全隔离仪器；医学仪器；工程光学仪器等",7-407
200,70408,投影仪；黑板；黑板刷；粉笔,7-408
80,70409,投影仪；黑板；黑板刷；粉笔,7-409
80,70410,投影仪；黑板；黑板刷；粉笔,7-410
80,70411,投影仪；黑板；黑板刷；粉笔,7-411
80,70412,投影仪；黑板；黑板刷；粉笔,7-412
200,70501,投影仪；黑板；黑板刷；粉笔,7-501
80,70502,投影仪；黑板；黑板刷；粉笔,7-502
80,70503,投影仪；黑板；黑板刷；粉笔,7-503
80,70504,投影仪；黑板；黑板刷；粉笔,7-504
300,70505,投影仪；黑板；黑板刷；粉笔,7-505
300,70506,投影仪；黑板；黑板刷；粉笔,7-506
120,70507,"投影仪；黑板；黑板刷；粉笔；多媒体；耳机；语音箱
；化学试剂套装；传感器；电压表；电流表；频谱分析仪等电工实验器材；安全隔离仪器；医学仪器；工程光学仪器等",7-507
300,70508,投影仪；黑板；黑板刷；粉笔,7-508
80,70509,投影仪；黑板；黑板刷；粉笔,7-509
80,70510,投影仪；黑板；黑板刷；粉笔,7-510
80,70511,投影仪；黑板；黑板刷；粉笔,7-511
80,70512,投影仪；黑板；黑板刷；粉笔,7-512
200,70601,投影仪；黑板；黑板刷；粉笔,7-601
80,70602,投影仪；黑板；黑板刷；粉笔,7-602
80,70603,投影仪；黑板；黑板刷；粉笔,7-603
80,70604,投影仪；黑板；黑板刷；粉笔,7-604
300,70605,投影仪；黑板；黑板刷；粉笔,7-605
200,70606,投影仪；黑板；黑板刷；粉笔,7-606
120,70607,"投影仪；黑板；黑板刷；粉笔；多媒体；耳机；语音箱
；化学试剂套装；传感器；电压表；电流表；频谱分析仪等电工实验器材；安全隔离仪器；医学仪器；工程光学仪器等",7-607
200,70608,投影仪；黑板；黑板刷；粉笔,7-608
80,70609,投影仪；黑板；黑板刷；粉笔,7-609
80,70610,投影仪；黑板；黑板刷；粉笔,7-610
80,70611,投影仪；黑板；黑板刷；粉笔,7-611
80,70612,投影仪；黑板；黑板刷；粉笔,7-612
200,70701,投影仪；黑板；黑板刷；粉笔,7-701
80,70702,投影仪；黑板；黑板刷；粉笔,7-702
80,70703,投影仪；黑板；黑板刷；粉笔,7-703
80,70704,投影仪；黑板；黑板刷；粉笔,7-704
300,70705,投影仪；黑板；黑板刷；粉笔,7-705
300,70706,投影仪；黑板；黑板刷；粉笔,7-706
120,70707,"投影仪；黑板；黑板刷；粉笔；多媒体；耳机；语音箱
；化学试剂套装；传感器；电压表；电流表；频谱分析仪等电工实验器材；安全隔离仪器；医学仪器；工程光学仪器等",7-707
300,70708,投影仪；黑板；黑板刷；粉笔,7-708
80,70709,投影仪；黑板；黑板刷；粉笔,7-709
80,70710,投影仪；黑板；黑板刷；粉笔,7-710
80,70711,投影仪；黑板；黑板刷；粉笔,7-711
80,70712,投影仪；黑板；黑板刷；粉笔,7-712
300,80101,投影仪；黑板；黑板刷；粉笔,8-101
80,80102,投影仪；黑板；黑板刷；粉笔,8-102
80,80103,投影仪；黑板；黑板刷；粉笔,8-103
80,80104,投影仪；黑板；黑板刷；粉笔,8-104
300,80105,投影仪；黑板；黑板刷；粉笔,8-105
300,80106,投影仪；黑板；黑板刷；粉笔,8-106
120,80107,"投影仪；黑板；黑板刷；粉笔；多媒体；耳机；语音箱
；化学试剂套装；传感器；电压表；电流表；频谱分析仪等电工实验器材；安全隔离仪器；医学仪器；工程光学仪器等",8-107
200,80108,投影仪；黑板；黑板刷；粉笔,8-108
80,80109,投影仪；黑板；黑板刷；粉笔,8-109
80,80110,投影仪；黑板；黑板刷；粉笔,8-110
80,80111,投影仪；黑板；黑板刷；粉笔,8-111
80,80112,投影仪；黑板；黑板刷；粉笔,8-112
200,80201,投影仪；黑板；黑板刷；粉笔,8-201
80,80202,投影仪；黑板；黑板刷；粉笔,8-202
80,80203,投影仪；黑板；黑板刷；粉笔,8-203
80,80204,投影仪；黑板；黑板刷；粉笔,8-204
300,80205,投影仪；黑板；黑板刷；粉笔,8-205
300,80206,投影仪；黑板；黑板刷；粉笔,8-206
120,80207,"投影仪；黑板；黑板刷；粉笔；多媒体；耳机；语音箱
；化学试剂套装；传感器；电压表；电流表；频谱分析仪等电工实验器材；安全隔离仪器；医学仪器；工程光学仪器等",8-207
300,80208,投影仪；黑板；黑板刷；粉笔,8-208
80,80209,投影仪；黑板；黑板刷；粉笔,8-209
80,80210,投影仪；黑板；黑板刷；粉笔,8-210
80,80211,投影仪；黑板；黑板刷；粉笔,8-211
80,80212,投影仪；黑板；黑板刷；粉笔,8-212
200,80301,投影仪；黑板；黑板刷；粉笔,8-301
80,80302,投影仪；黑板；黑板刷；粉笔,8-302
80,80303,投影仪；黑板；黑板刷；粉笔,8-303
80,80304,投影仪；黑板；黑板刷；粉笔,8-304
300,80305,投影仪；黑板；黑板刷；粉笔,8-305
200,80306,投影仪；黑板；黑板刷；粉笔,8-306
120,80307,"投影仪；黑板；黑板刷；粉笔；多媒体；耳机；语音箱
；化学试剂套装；传感器；电压表；电流表；频谱分析仪等电工实验器材；安全隔离仪器；医学仪器；工程光学仪器等",8-307
200,80308,投影仪；黑板；黑板刷；粉笔,8-308
80,80309,投影仪；黑板；黑板刷；粉笔,8-309
80,80310,投影仪；黑板；黑板刷；粉笔,8-310
80,80311,投影仪；黑板；黑板刷；粉笔,8-311
80,80312,投影仪；黑板；黑板刷；粉笔,8-312
200,80401,投影仪；黑板；黑板刷；粉笔,8-401
80,80402,投影仪；黑板；黑板刷；粉笔,8-402
80,80403,投影仪；黑板；黑板刷；粉笔,8-403
80,80404,投影仪；黑板；黑板刷；粉笔,8-404
300,80405,投影仪；黑板；黑板刷；粉笔,8-405
200,80406,投影仪；黑板；黑板刷；粉笔,8-406
120,80407,"投影仪；黑板；黑板刷；粉笔；多媒体；耳机；语音箱
；化学试剂套装；传感器；电压表；电流表；频谱分析仪等电工实验器材；安全隔离仪器；医学仪器；工程光学仪器等",8-407
200,80408,投影仪；黑板；黑板刷；粉笔,8-408
80,80409,投影仪；黑板；黑板刷；粉笔,8-409
80,80410,投影仪；黑板；黑板刷；粉笔,8-410
80,80411,投影仪；黑板；黑板刷；粉笔,8-411
80,80412,投影仪；黑板；黑板刷；粉笔,8-412
300,80501,投影仪；黑板；黑板刷；粉笔,8-501
80,80502,投影仪；黑板；黑板刷；粉笔,8-502
80,80503,投影仪；黑板；黑板刷；粉笔,8-503
80,80504,投影仪；黑板；黑板刷；粉笔,8-504
300,80505,投影仪；黑板；黑板刷；粉笔,8-505
200,80506,投影仪；黑板；黑板刷；粉笔,8-506
120,80507,"投影仪；黑板；黑板刷；粉笔；多媒体；耳机；语音箱
；化学试剂套装；传感器；电压表；电流表；频谱分析仪等电工实验器材；安全隔离仪器；医学仪器；工程光学仪器等",8-507
300,80508,投影仪；黑板；黑板刷；粉笔,8-508
80,80509,投影仪；黑板；黑板刷；粉笔,8-509
80,80510,投影仪；黑板；黑板刷；粉笔,8-510
80,80511,投影仪；黑板；黑板刷；粉笔,8-511
80,80512,投影仪；黑板；黑板刷；粉笔,8-512
300,80601,投影仪；黑板；黑板刷；粉笔,8-601
80,80602,投影仪；黑板；黑板刷；粉笔,8-602
80,80603,投影仪；黑板；黑板刷；粉笔,8-603
80,80604,投影仪；黑板；黑板刷；粉笔,8-604
300,80605,投影仪；黑板；黑板刷；粉笔,8-605
300,80606,投影仪；黑板；黑板刷；粉笔,8-606
120,80607,"投影仪；黑板；黑板刷；粉笔；多媒体；耳机；语音箱
；化学试剂套装；传感器；电压表；电流表；频谱分析仪等电工实验器材；安全隔离仪器；医学仪器；工程光学仪器等",8-607
200,80608,投影仪；黑板；黑板刷；粉笔,8-608
80,80609,投影仪；黑板；黑板刷；粉笔,8-609
80,80610,投影仪；黑板；黑板刷；粉笔,8-610
80,80611,投影仪；黑板；黑板刷；粉笔,8-611
80,80612,投影仪；黑板；黑板刷；粉笔,8-612
300,90101,投影仪；黑板；黑板刷；粉笔,9-101
80,90102,投影仪；黑板；黑板刷；粉笔,9-102
80,90103,投影仪；黑板；黑板刷；粉笔,9-103
80,90104,投影仪；黑板；黑板刷；粉笔,9-104
200,90105,投影仪；黑板；黑板刷；粉笔,9-105
300,90106,投影仪；黑板；黑板刷；粉笔,9-106
120,90107,"投影仪；黑板；黑板刷；粉笔；多媒体；耳机；语音箱
；化学试剂套装；传感器；电压表；电流表；频谱分析仪等电工实验器材；安全隔离仪器；医学仪器；工程光学仪器等",9-107
300,90108,投影仪；黑板；黑板刷；粉笔,9-108
80,90109,投影仪；黑板；黑板刷；粉笔,9-109
80,90110,投影仪；黑板；黑板刷；粉笔,9-110
80,90111,投影仪；黑板；黑板刷；粉笔,9-111
80,90112,投影仪；黑板；黑板刷；粉笔,9-112
200,90201,投影仪；黑板；黑板刷；粉笔,9-201
80,90202,投影仪；黑板；黑板刷；粉笔,9-202
80,90203,投影仪；黑板；黑板刷；粉笔,9-203
80,90204,投影仪；黑板；黑板刷；粉笔,9-204
300,90205,投影仪；黑板；黑板刷；粉笔,9-205
300,90206,投影仪；黑板；黑板刷；粉笔,9-206
120,90207,"投影仪；黑板；黑板刷；粉笔；多媒体；耳机；语音箱
；化学试剂套装；传感器；电压表；电流表；频谱分析仪等电工实验器材；安全隔离仪器；医学仪器；工程光学仪器等",9-207
200,90208,投影仪；黑板；黑板刷；粉笔,9-208
80,90209,投影仪；黑板；黑板刷；粉笔,9-209
80,90210,投影仪；黑板；黑板刷；粉笔,9-210
80,90211,投影仪；黑板；黑板刷；粉笔,9-211
80,90212,投影仪；黑板；黑板刷；粉笔,9-212
200,90301,投影仪；黑板；黑板刷；粉笔,9-301
80,90302,投影仪；黑板；黑板刷；粉笔,9-302
80,90303,投影仪；黑板；黑板刷；粉笔,9-303
80,90304,投影仪；黑板；黑板刷；粉笔,9-304
200,90305,投影仪；黑板；黑板刷；粉笔,9-305
300,90306,投影仪；黑板；黑板刷；粉笔,9-306
120,90307,"投影仪；黑板；黑板刷；粉笔；多媒体；耳机；语音箱
；化学试剂套装；传感器；电压表；电流表；频谱分析仪等电工实验器材；安全隔离仪器；医学仪器；工程光学仪器等",9-307
300,90308,投影仪；黑板；黑板刷；粉笔,9-308
80,90309,投影仪；黑板；黑板刷；粉笔,9-309
80,90310,投影仪；黑板；黑板刷；粉笔,9-310
80,90311,投影仪；黑板；黑板刷；粉笔,9-311
80,90312,投影仪；黑板；黑板刷；粉笔,9-312
200,90401,投影仪；黑板；黑板刷；粉笔,9-401
80,90402,投影仪；黑板；黑板刷；粉笔,9-402
80,90403,投影仪；黑板；黑板刷；粉笔,9-403
80,90404,投影仪；黑板；黑板刷；粉笔,9-404
200,90405,投影仪；黑板；黑板刷；粉笔,9-405
300,90406,投影仪；黑板；黑板刷；粉笔,9-406
120,90407,"投影仪；黑板；黑板刷；粉笔；多媒体；耳机；语音箱
；化学试剂套装；传感器；电压表；电流表；频谱分析仪等电工实验器材；安全隔离仪器；医学仪器；工程光学仪器等",9-407
300,90408,投影仪；黑板；黑板刷；粉笔,9-408
80,90409,投影仪；黑板；黑板刷；粉笔,9-409
80,90410,投影仪；黑板；黑板刷；粉笔,9-410
80,90411,投影仪；黑板；黑板刷；粉笔,9-411
80,90412,投影仪；黑板；黑板刷；粉笔,9-412
300,90501,投影仪；黑板；黑板刷；粉笔,9-501
80,90502,投影仪；黑板；黑板刷；粉笔,9-502
80,90503,投影仪；黑板；黑板刷；粉笔,9-503
80,90504,投影仪；黑板；黑板刷；粉笔,9-504
300,90505,投影仪；黑板；黑板刷；粉笔,9-505
200,90506,投影仪；黑板；黑板刷；粉笔,9-506
120,90507,"投影仪；黑板；黑板刷；粉笔；多媒体；耳机；语音箱
；化学试剂套装；传感器；电压表；电流表；频谱分析仪等电工实验器材；安全隔离仪器；医学仪器；工程光学仪器等",9-507
300,90508,投影仪；黑板；黑板刷；粉笔,9-508
80,90509,投影仪；黑板；黑板刷；粉笔,9-509
80,90510,投影仪；黑板；黑板刷；粉笔,9-510
80,90511,投影仪；黑板；黑板刷；粉笔,9-511
80,90512,投影仪；黑板；黑板刷；粉笔,9-512
200,90601,投影仪；黑板；黑板刷；粉笔,9-601
80,90602,投影仪；黑板；黑板刷；粉笔,9-602
80,90603,投影仪；黑板；黑板刷；粉笔,9-603
80,90604,投影仪；黑板；黑板刷；粉笔,9-604
300,90605,投影仪；黑板；黑板刷；粉笔,9-605
300,90606,投影仪；黑板；黑板刷；粉笔,9-606
120,90607,"投影仪；黑板；黑板刷；粉笔；多媒体；耳机；语音箱
；化学试剂套装；传感器；电压表；电流表；频谱分析仪等电工实验器材；安全隔离仪器；医学仪器；工程光学仪器等",9-607
200,90608,投影仪；黑板；黑板刷；粉笔,9-608
80,90609,投影仪；黑板；黑板刷；粉笔,9-609
80,90610,投影仪；黑板；黑板刷；粉笔,9-610
80,90611,投影仪；黑板；黑板刷；粉笔,9-611
80,90612,投影仪；黑板；黑板刷；粉笔,9-612
200,100101,投影仪；黑板；黑板刷；粉笔,10-101
80,100102,投影仪；黑板；黑板刷；粉笔,10-102
80,100103,投影仪；黑板；黑板刷；粉笔,10-103
80,100104,投影仪；黑板；黑板刷；粉笔,10-104
300,100105,投影仪；黑板；黑板刷；粉笔,10-105
200,100106,投影仪；黑板；黑板刷；粉笔,10-106
120,100107,"投影仪；黑板；黑板刷；粉笔；多媒体；耳机；语音箱
；化学试剂套装；传感器；电压表；电流表；频谱分析仪等电工实验器材；安全隔离仪器；医学仪器；工程光学仪器等",10-107
200,100108,投影仪；黑板；黑板刷；粉笔,10-108
80,100109,投影仪；黑板；黑板刷；粉笔,10-109
80,100110,投影仪；黑板；黑板刷；粉笔,10-110
80,100111,投影仪；黑板；黑板刷；粉笔,10-111
80,100112,投影仪；黑板；黑板刷；粉笔,10-112
200,100201,投影仪；黑板；黑板刷；粉笔,10-201
80,100202,投影仪；黑板；黑板刷；粉笔,10-202
80,100203,投影仪；黑板；黑板刷；粉笔,10-203
80,100204,投影仪；黑板；黑板刷；粉笔,10-204
300,100205,投影仪；黑板；黑板刷；粉笔,10-205
300,100206,投影仪；黑板；黑板刷；粉笔,10-206
120,100207,"投影仪；黑板；黑板刷；粉笔；多媒体；耳机；语音箱
；化学试剂套装；传感器；电压表；电流表；频谱分析仪等电工实验器材；安全隔离仪器；医学仪器；工程光学仪器等",10-207
300,100208,投影仪；黑板；黑板刷；粉笔,10-208
80,100209,投影仪；黑板；黑板刷；粉笔,10-209
80,100210,投影仪；黑板；黑板刷；粉笔,10-210
80,100211,投影仪；黑板；黑板刷；粉笔,10-211
80,100212,投影仪；黑板；黑板刷；粉笔,10-212
200,100301,投影仪；黑板；黑板刷；粉笔,10-301
80,100302,投影仪；黑板；黑板刷；粉笔,10-302
80,100303,投影仪；黑板；黑板刷；粉笔,10-303
80,100304,投影仪；黑板；黑板刷；粉笔,10-304
200,100305,投影仪；黑板；黑板刷；粉笔,10-305
300,100306,投影仪；黑板；黑板刷；粉笔,10-306
120,100307,"投影仪；黑板；黑板刷；粉笔；多媒体；耳机；语音箱
；化学试剂套装；传感器；电压表；电流表；频谱分析仪等电工实验器材；安全隔离仪器；医学仪器；工程光学仪器等",10-307
200,100308,投影仪；黑板；黑板刷；粉笔,10-308
80,100309,投影仪；黑板；黑板刷；粉笔,10-309
80,100310,投影仪；黑板；黑板刷；粉笔,10-310
80,100311,投影仪；黑板；黑板刷；粉笔,10-311
80,100312,投影仪；黑板；黑板刷；粉笔,10-312
300,100401,投影仪；黑板；黑板刷；粉笔,10-401
80,100402,投影仪；黑板；黑板刷；粉笔,10-402
80,100403,投影仪；黑板；黑板刷；粉笔,10-403
80,100404,投影仪；黑板；黑板刷；粉笔,10-404
200,100405,投影仪；黑板；黑板刷；粉笔,10-405
300,100406,投影仪；黑板；黑板刷；粉笔,10-406
120,100407,"投影仪；黑板；黑板刷；粉笔；多媒体；耳机；语音箱
；化学试剂套装；传感器；电压表；电流表；频谱分析仪等电工实验器材；安全隔离仪器；医学仪器；工程光学仪器等",10-407
200,100408,投影仪；黑板；黑板刷；粉笔,10-408
80,100409,投影仪；黑板；黑板刷；粉笔,10-409
80,100410,投影仪；黑板；黑板刷；粉笔,10-410
80,100411,投影仪；黑板；黑板刷；粉笔,10-411
80,100412,投影仪；黑板；黑板刷；粉笔,10-412
200,100501,投影仪；黑板；黑板刷；粉笔,10-501
80,100502,投影仪；黑板；黑板刷；粉笔,10-502
80,100503,投影仪；黑板；黑板刷；粉笔,10-503
80,100504,投影仪；黑板；黑板刷；粉笔,10-504
300,100505,投影仪；黑板；黑板刷；粉笔,10-505
200,100506,投影仪；黑板；黑板刷；粉笔,10-506
120,100507,"投影仪；黑板；黑板刷；粉笔；多媒体；耳机；语音箱
；化学试剂套装；传感器；电压表；电流表；频谱分析仪等电工实验器材；安全隔离仪器；医学仪器；工程光学仪器等",10-507
300,100508,投影仪；黑板；黑板刷；粉笔,10-508
80,100509,投影仪；黑板；黑板刷；粉笔,10-509
80,100510,投影仪；黑板；黑板刷；粉笔,10-510
80,100511,投影仪；黑板；黑板刷；粉笔,10-511
80,100512,投影仪；黑板；黑板刷；粉笔,10-512
200,110101,投影仪；黑板；黑板刷；粉笔,11-101
80,110102,投影仪；黑板；黑板刷；粉笔,11-102
80,110103,投影仪；黑板；黑板刷；粉笔,11-103
80,110104,投影仪；黑板；黑板刷；粉笔,11-104
300,110105,投影仪；黑板；黑板刷；粉笔,11-105
300,110106,投影仪；黑板；黑板刷；粉笔,11-106
120,110107,"投影仪；黑板；黑板刷；粉笔；多媒体；耳机；语音箱
；化学试剂套装；传感器；电压表；电流表；频谱分析仪等电工实验器材；安全隔离仪器；医学仪器；工程光学仪器等",11-107
300,110108,投影仪；黑板；黑板刷；粉笔,11-108
80,110109,投影仪；黑板；黑板刷；粉笔,11-109
80,110110,投影仪；黑板；黑板刷；粉笔,11-110
80,110111,投影仪；黑板；黑板刷；粉笔,11-111
80,110112,投影仪；黑板；黑板刷；粉笔,11-112
300,110201,投影仪；黑板；黑板刷；粉笔,11-201
80,110202,投影仪；黑板；黑板刷；粉笔,11-202
80,110203,投影仪；黑板；黑板刷；粉笔,11-203
80,110204,投影仪；黑板；黑板刷；粉笔,11-204
200,110205,投影仪；黑板；黑板刷；粉笔,11-205
300,110206,投影仪；黑板；黑板刷；粉笔,11-206
120,110207,"投影仪；黑板；黑板刷；粉笔；多媒体；耳机；语音箱
；化学试剂套装；传感器；电压表；电流表；频谱分析仪等电工实验器材；安全隔离仪器；医学仪器；工程光学仪器等",11-207
300,110208,投影仪；黑板；黑板刷；粉笔,11-208
80,110209,投影仪；黑板；黑板刷；粉笔,11-209
80,110210,投影仪；黑板；黑板刷；粉笔,11-210
80,110211,投影仪；黑板；黑板刷；粉笔,11-211
80,110212,投影仪；黑板；黑板刷；粉笔,11-212
200,110301,投影仪；黑板；黑板刷；粉笔,11-301
80,110302,投影仪；黑板；黑板刷；粉笔,11-302
80,110303,投影仪；黑板；黑板刷；粉笔,11-303
80,110304,投影仪；黑板；黑板刷；粉笔,11-304
300,110305,投影仪；黑板；黑板刷；粉笔,11-305
300,110306,投影仪；黑板；黑板刷；粉笔,11-306
120,110307,"投影仪；黑板；黑板刷；粉笔；多媒体；耳机；语音箱
；化学试剂套装；传感器；电压表；电流表；频谱分析仪等电工实验器材；安全隔离仪器；医学仪器；工程光学仪器等",11-307
200,110308,投影仪；黑板；黑板刷；粉笔,11-308
80,110309,投影仪；黑板；黑板刷；粉笔,11-309
80,110310,投影仪；黑板；黑板刷；粉笔,11-310
80,110311,投影仪；黑板；黑板刷；粉笔,11-311
80,110312,投影仪；黑板；黑板刷；粉笔,11-312
300,110401,投影仪；黑板；黑板刷；粉笔,11-401
80,110402,投影仪；黑板；黑板刷；粉笔,11-402
80,110403,投影仪；黑板；黑板刷；粉笔,11-403
80,110404,投影仪；黑板；黑板刷；粉笔,11-404
200,110405,投影仪；黑板；黑板刷；粉笔,11-405
300,110406,投影仪；黑板；黑板刷；粉笔,11-406
120,110407,"投影仪；黑板；黑板刷；粉笔；多媒体；耳机；语音箱
；化学试剂套装；传感器；电压表；电流表；频谱分析仪等电工实验器材；安全隔离仪器；医学仪器；工程光学仪器等",11-407
300,110408,投影仪；黑板；黑板刷；粉笔,11-408
80,110409,投影仪；黑板；黑板刷；粉笔,11-409
80,110410,投影仪；黑板；黑板刷；粉笔,11-410
80,110411,投影仪；黑板；黑板刷；粉笔,11-411
80,110412,投影仪；黑板；黑板刷；粉笔,11-412
200,110501,投影仪；黑板；黑板刷；粉笔,11-501
80,110502,投影仪；黑板；黑板刷；粉笔,11-502
80,110503,投影仪；黑板；黑板刷；粉笔,11-503
80,110504,投影仪；黑板；黑板刷；粉笔,11-504
200,110505,投影仪；黑板；黑板刷；粉笔,11-505
300,110506,投影仪；黑板；黑板刷；粉笔,11-506
120,110507,"投影仪；黑板；黑板刷；粉笔；多媒体；耳机；语音箱
；化学试剂套装；传感器；电压表；电流表；频谱分析仪等电工实验器材；安全隔离仪器；医学仪器；工程光学仪器等",11-507
200,110508,投影仪；黑板；黑板刷；粉笔,11-508
80,110509,投影仪；黑板；黑板刷；粉笔,11-509
80,110510,投影仪；黑板；黑板刷；粉笔,11-510
80,110511,投影仪；黑板；黑板刷；粉笔,11-511
80,110512,投影仪；黑板；黑板刷；粉笔,11-512
300,120101,投影仪；黑板；黑板刷；粉笔,12-101
80,120102,投影仪；黑板；黑板刷；粉笔,12-102
80,120103,投影仪；黑板；黑板刷；粉笔,12-103
80,120104,投影仪；黑板；黑板刷；粉笔,12-104
300,120105,投影仪；黑板；黑板刷；粉笔,12-105
200,120106,投影仪；黑板；黑板刷；粉笔,12-106
120,120107,"投影仪；黑板；黑板刷；粉笔；多媒体；耳机；语音箱
；化学试剂套装；传感器；电压表；电流表；频谱分析仪等电工实验器材；安全隔离仪器；医学仪器；工程光学仪器等",12-107
200,120108,投影仪；黑板；黑板刷；粉笔,12-108
80,120109,投影仪；黑板；黑板刷；粉笔,12-109
80,120110,投影仪；黑板；黑板刷；粉笔,12-110
80,120111,投影仪；黑板；黑板刷；粉笔,12-111
80,120112,投影仪；黑板；黑板刷；粉笔,12-112
200,120201,投影仪；黑板；黑板刷；粉笔,12-201
80,120202,投影仪；黑板；黑板刷；粉笔,12-202
80,120203,投影仪；黑板；黑板刷；粉笔,12-203
80,120204,投影仪；黑板；黑板刷；粉笔,12-204
200,120205,投影仪；黑板；黑板刷；粉笔,12-205
200,120206,投影仪；黑板；黑板刷；粉笔,12-206
120,120207,"投影仪；黑板；黑板刷；粉笔；多媒体；耳机；语音箱
；化学试剂套装；传感器；电压表；电流表；频谱分析仪等电工实验器材；安全隔离仪器；医学仪器；工程光学仪器等",12-207
200,120208,投影仪；黑板；黑板刷；粉笔,12-208
80,120209,投影仪；黑板；黑板刷；粉笔,12-209
80,120210,投影仪；黑板；黑板刷；粉笔,12-210
80,120211,投影仪；黑板；黑板刷；粉笔,12-211
80,120212,投影仪；黑板；黑板刷；粉笔,12-212
300,120301,投影仪；黑板；黑板刷；粉笔,12-301
80,120302,投影仪；黑板；黑板刷；粉笔,12-302
80,120303,投影仪；黑板；黑板刷；粉笔,12-303
80,120304,投影仪；黑板；黑板刷；粉笔,12-304
300,120305,投影仪；黑板；黑板刷；粉笔,12-305
200,120306,投影仪；黑板；黑板刷；粉笔,12-306
120,120307,"投影仪；黑板；黑板刷；粉笔；多媒体；耳机；语音箱
；化学试剂套装；传感器；电压表；电流表；频谱分析仪等电工实验器材；安全隔离仪器；医学仪器；工程光学仪器等",12-307
300,120308,投影仪；黑板；黑板刷；粉笔,12-308
80,120309,投影仪；黑板；黑板刷；粉笔,12-309
80,120310,投影仪；黑板；黑板刷；粉笔,12-310
80,120311,投影仪；黑板；黑板刷；粉笔,12-311
80,120312,投影仪；黑板；黑板刷；粉笔,12-312
200,120401,投影仪；黑板；黑板刷；粉笔,12-401
80,120402,投影仪；黑板；黑板刷；粉笔,12-402
80,120403,投影仪；黑板；黑板刷；粉笔,12-403
80,120404,投影仪；黑板；黑板刷；粉笔,12-404
300,120405,投影仪；黑板；黑板刷；粉笔,12-405
200,120406,投影仪；黑板；黑板刷；粉笔,12-406
120,120407,"投影仪；黑板；黑板刷；粉笔；多媒体；耳机；语音箱
；化学试剂套装；传感器；电压表；电流表；频谱分析仪等电工实验器材；安全隔离仪器；医学仪器；工程光学仪器等",12-407
200,120408,投影仪；黑板；黑板刷；粉笔,12-408
80,120409,投影仪；黑板；黑板刷；粉笔,12-409
80,120410,投影仪；黑板；黑板刷；粉笔,12-410
80,120411,投影仪；黑板；黑板刷；粉笔,12-411
80,120412,投影仪；黑板；黑板刷；粉笔,12-412
300,120501,投影仪；黑板；黑板刷；粉笔,12-501
80,120502,投影仪；黑板；黑板刷；粉笔,12-502
80,120503,投影仪；黑板；黑板刷；粉笔,12-503
80,120504,投影仪；黑板；黑板刷；粉笔,12-504
300,120505,投影仪；黑板；黑板刷；粉笔,12-505
200,120506,投影仪；黑板；黑板刷；粉笔,12-506
120,120507,"投影仪；黑板；黑板刷；粉笔；多媒体；耳机；语音箱
；化学试剂套装；传感器；电压表；电流表；频谱分析仪等电工实验器材；安全隔离仪器；医学仪器；工程光学仪器等",12-507
300,120508,投影仪；黑板；黑板刷；粉笔,12-508
80,120509,投影仪；黑板；黑板刷；粉笔,12-509
80,120510,投影仪；黑板；黑板刷；粉笔,12-510
80,120511,投影仪；黑板；黑板刷；粉笔,12-511
80,120512,投影仪；黑板；黑板刷；粉笔,12-512
300,120601,投影仪；黑板；黑板刷；粉笔,12-601
80,120602,投影仪；黑板；黑板刷；粉笔,12-602
80,120603,投影仪；黑板；黑板刷；粉笔,12-603
80,120604,投影仪；黑板；黑板刷；粉笔,12-604
200,120605,投影仪；黑板；黑板刷；粉笔,12-605
200,120606,投影仪；黑板；黑板刷；粉笔,12-606
120,120607,"投影仪；黑板；黑板刷；粉笔；多媒体；耳机；语音箱
；化学试剂套装；传感器；电压表；电流表；频谱分析仪等电工实验器材；安全隔离仪器；医学仪器；工程光学仪器等",12-607
300,120608,投影仪；黑板；黑板刷；粉笔,12-608
80,120609,投影仪；黑板；黑板刷；粉笔,12-609
80,120610,投影仪；黑板；黑板刷；粉笔,12-610
80,120611,投影仪；黑板；黑板刷；粉笔,12-611
80,120612,投影仪；黑板；黑板刷；粉笔,12-612
300,130101,投影仪；黑板；黑板刷；粉笔,13-101
80,130102,投影仪；黑板；黑板刷；粉笔,13-102
80,130103,投影仪；黑板；黑板刷；粉笔,13-103
80,130104,投影仪；黑板；黑板刷；粉笔,13-104
300,130105,投影仪；黑板；黑板刷；粉笔,13-105
200,130106,投影仪；黑板；黑板刷；粉笔,13-106
120,130107,"投影仪；黑板；黑板刷；粉笔；多媒体；耳机；语音箱
；化学试剂套装；传感器；电压表；电流表；频谱分析仪等电工实验器材；安全隔离仪器；医学仪器；工程光学仪器等",13-107
300,130108,投影仪；黑板；黑板刷；粉笔,13-108
80,130109,投影仪；黑板；黑板刷；粉笔,13-109
80,130110,投影仪；黑板；黑板刷；粉笔,13-110
80,130111,投影仪；黑板；黑板刷；粉笔,13-111
80,130112,投影仪；黑板；黑板刷；粉笔,13-112
300,130201,投影仪；黑板；黑板刷；粉笔,13-201
80,130202,投影仪；黑板；黑板刷；粉笔,13-202
80,130203,投影仪；黑板；黑板刷；粉笔,13-203
80,130204,投影仪；黑板；黑板刷；粉笔,13-204
300,130205,投影仪；黑板；黑板刷；粉笔,13-205
300,130206,投影仪；黑板；黑板刷；粉笔,13-206
120,130207,"投影仪；黑板；黑板刷；粉笔；多媒体；耳机；语音箱
；化学试剂套装；传感器；电压表；电流表；频谱分析仪等电工实验器材；安全隔离仪器；医学仪器；工程光学仪器等",13-207
300,130208,投影仪；黑板；黑板刷；粉笔,13-208
80,130209,投影仪；黑板；黑板刷；粉笔,13-209
80,130210,投影仪；黑板；黑板刷；粉笔,13-210
80,130211,投影仪；黑板；黑板刷；粉笔,13-211
80,130212,投影仪；黑板；黑板刷；粉笔,13-212
300,130301,投影仪；黑板；黑板刷；粉笔,13-301
80,130302,投影仪；黑板；黑板刷；粉笔,13-302
80,130303,投影仪；黑板；黑板刷；粉笔,13-303
80,130304,投影仪；黑板；黑板刷；粉笔,13-304
300,130305,投影仪；黑板；黑板刷；粉笔,13-305
200,130306,投影仪；黑板；黑板刷；粉笔,13-306
120,130307,"投影仪；黑板；黑板刷；粉笔；多媒体；耳机；语音箱
；化学试剂套装；传感器；电压表；电流表；频谱分析仪等电工实验器材；安全隔离仪器；医学仪器；工程光学仪器等",13-307
300,130308,投影仪；黑板；黑板刷；粉笔,13-308
80,130309,投影仪；黑板；黑板刷；粉笔,13-309
80,130310,投影仪；黑板；黑板刷；粉笔,13-310
80,130311,投影仪；黑板；黑板刷；粉笔,13-311
80,130312,投影仪；黑板；黑板刷；粉笔,13-312
300,130401,投影仪；黑板；黑板刷；粉笔,13-401
80,130402,投影仪；黑板；黑板刷；粉笔,13-402
80,130403,投影仪；黑板；黑板刷；粉笔,13-403
80,130404,投影仪；黑板；黑板刷；粉笔,13-404
200,130405,投影仪；黑板；黑板刷；粉笔,13-405
300,130406,投影仪；黑板；黑板刷；粉笔,13-406
120,130407,"投影仪；黑板；黑板刷；粉笔；多媒体；耳机；语音箱
；化学试剂套装；传感器；电压表；电流表；频谱分析仪等电工实验器材；安全隔离仪器；医学仪器；工程光学仪器等",13-407
300,130408,投影仪；黑板；黑板刷；粉笔,13-408
80,130409,投影仪；黑板；黑板刷；粉笔,13-409
80,130410,投影仪；黑板；黑板刷；粉笔,13-410
80,130411,投影仪；黑板；黑板刷；粉笔,13-411
80,130412,投影仪；黑板；黑板刷；粉笔,13-412
300,130501,投影仪；黑板；黑板刷；粉笔,13-501
80,130502,投影仪；黑板；黑板刷；粉笔,13-502
80,130503,投影仪；黑板；黑板刷；粉笔,13-503
80,130504,投影仪；黑板；黑板刷；粉笔,13-504
200,130505,投影仪；黑板；黑板刷；粉笔,13-505
200,130506,投影仪；黑板；黑板刷；粉笔,13-506
120,130507,"投影仪；黑板；黑板刷；粉笔；多媒体；耳机；语音箱
；化学试剂套装；传感器；电压表；电流表；频谱分析仪等电工实验器材；安全隔离仪器；医学仪器；工程光学仪器等",13-507
200,130508,投影仪；黑板；黑板刷；粉笔,13-508
80,130509,投影仪；黑板；黑板刷；粉笔,13-509
80,130510,投影仪；黑板；黑板刷；粉笔,13-510
80,130511,投影仪；黑板；黑板刷；粉笔,13-511
80,130512,投影仪；黑板；黑板刷；粉笔,13-512
300,130601,投影仪；黑板；黑板刷；粉笔,13-601
80,130602,投影仪；黑板；黑板刷；粉笔,13-602
80,130603,投影仪；黑板；黑板刷；粉笔,13-603
80,130604,投影仪；黑板；黑板刷；粉笔,13-604
200,130605,投影仪；黑板；黑板刷；粉笔,13-605
300,130606,投影仪；黑板；黑板刷；粉笔,13-606
120,130607,"投影仪；黑板；黑板刷；粉笔；多媒体；耳机；语音箱
；化学试剂套装；传感器；电压表；电流表；频谱分析仪等电工实验器材；安全隔离仪器；医学仪器；工程光学仪器等",13-607
200,130608,投影仪；黑板；黑板刷；粉笔,13-608
80,130609,投影仪；黑板；黑板刷；粉笔,13-609
80,130610,投影仪；黑板；黑板刷；粉笔,13-610
80,130611,投影仪；黑板；黑板刷；粉笔,13-611
80,130612,投影仪；黑板；黑板刷；粉笔,13-612
200,130701,投影仪；黑板；黑板刷；粉笔,13-701
80,130702,投影仪；黑板；黑板刷；粉笔,13-702
80,130703,投影仪；黑板；黑板刷；粉笔,13-703
80,130704,投影仪；黑板；黑板刷；粉笔,13-704
200,130705,投影仪；黑板；黑板刷；粉笔,13-705
300,130706,投影仪；黑板；黑板刷；粉笔,13-706
120,130707,"投影仪；黑板；黑板刷；粉笔；多媒体；耳机；语音箱
；化学试剂套装；传感器；电压表；电流表；频谱分析仪等电工实验器材；安全隔离仪器；医学仪器；工程光学仪器等",13-707
300,130708,投影仪；黑板；黑板刷；粉笔,13-708
80,130709,投影仪；黑板；黑板刷；粉笔,13-709
80,130710,投影仪；黑板；黑板刷；粉笔,13-710
80,130711,投影仪；黑板；黑板刷；粉笔,13-711
80,130712,投影仪；黑板；黑板刷；粉笔,13-712
200,140101,投影仪；黑板；黑板刷；粉笔,14-101
80,140102,投影仪；黑板；黑板刷；粉笔,14-102
80,140103,投影仪；黑板；黑板刷；粉笔,14-103
80,140104,投影仪；黑板；黑板刷；粉笔,14-104
200,140105,投影仪；黑板；黑板刷；粉笔,14-105
300,140106,投影仪；黑板；黑板刷；粉笔,14-106
120,140107,"投影仪；黑板；黑板刷；粉笔；多媒体；耳机；语音箱
；化学试剂套装；传感器；电压表；电流表；频谱分析仪等电工实验器材；安全隔离仪器；医学仪器；工程光学仪器等",14-107
300,140108,投影仪；黑板；黑板刷；粉笔,14-108
80,140109,投影仪；黑板；黑板刷；粉笔,14-109
80,140110,投影仪；黑板；黑板刷；粉笔,14-110
80,140111,投影仪；黑板；黑板刷；粉笔,14-111
80,140112,投影仪；黑板；黑板刷；粉笔,14-112
200,140201,投影仪；黑板；黑板刷；粉笔,14-201
80,140202,投影仪；黑板；黑板刷；粉笔,14-202
80,140203,投影仪；黑板；黑板刷；粉笔,14-203
80,140204,投影仪；黑板；黑板刷；粉笔,14-204
200,140205,投影仪；黑板；黑板刷；粉笔,14-205
200,140206,投影仪；黑板；黑板刷；粉笔,14-206
120,140207,"投影仪；黑板；黑板刷；粉笔；多媒体；耳机；语音箱
；化学试剂套装；传感器；电压表；电流表；频谱分析仪等电工实验器材；安全隔离仪器；医学仪器；工程光学仪器等",14-207
200,140208,投影仪；黑板；黑板刷；粉笔,14-208
80,140209,投影仪；黑板；黑板刷；粉笔,14-209
80,140210,投影仪；黑板；黑板刷；粉笔,14-210
80,140211,投影仪；黑板；黑板刷；粉笔,14-211
80,140212,投影仪；黑板；黑板刷；粉笔,14-212
300,140301,投影仪；黑板；黑板刷；粉笔,14-301
80,140302,投影仪；黑板；黑板刷；粉笔,14-302
80,140303,投影仪；黑板；黑板刷；粉笔,14-303
80,140304,投影仪；黑板；黑板刷；粉笔,14-304
200,140305,投影仪；黑板；黑板刷；粉笔,14-305
300,140306,投影仪；黑板；黑板刷；粉笔,14-306
120,140307,"投影仪；黑板；黑板刷；粉笔；多媒体；耳机；语音箱
；化学试剂套装；传感器；电压表；电流表；频谱分析仪等电工实验器材；安全隔离仪器；医学仪器；工程光学仪器等",14-307
200,140308,投影仪；黑板；黑板刷；粉笔,14-308
80,140309,投影仪；黑板；黑板刷；粉笔,14-309
80,140310,投影仪；黑板；黑板刷；粉笔,14-310
80,140311,投影仪；黑板；黑板刷；粉笔,14-311
80,140312,投影仪；黑板；黑板刷；粉笔,14-312
300,140401,投影仪；黑板；黑板刷；粉笔,14-401
80,140402,投影仪；黑板；黑板刷；粉笔,14-402
80,140403,投影仪；黑板；黑板刷；粉笔,14-403
80,140404,投影仪；黑板；黑板刷；粉笔,14-404
200,140405,投影仪；黑板；黑板刷；粉笔,14-405
300,140406,投影仪；黑板；黑板刷；粉笔,14-406
120,140407,"投影仪；黑板；黑板刷；粉笔；多媒体；耳机；语音箱
；化学试剂套装；传感器；电压表；电流表；频谱分析仪等电工实验器材；安全隔离仪器；医学仪器；工程光学仪器等",14-407
300,140408,投影仪；黑板；黑板刷；粉笔,14-408
80,140409,投影仪；黑板；黑板刷；粉笔,14-409
80,140410,投影仪；黑板；黑板刷；粉笔,14-410
80,140411,投影仪；黑板；黑板刷；粉笔,14-411
80,140412,投影仪；黑板；黑板刷；粉笔,14-412
200,140501,投影仪；黑板；黑板刷；粉笔,14-501
80,140502,投影仪；黑板；黑板刷；粉笔,14-502
80,140503,投影仪；黑板；黑板刷；粉笔,14-503
80,140504,投影仪；黑板；黑板刷；粉笔,14-504
200,140505,投影仪；黑板；黑板刷；粉笔,14-505
300,140506,投影仪；黑板；黑板刷；粉笔,14-506
120,140507,"投影仪；黑板；黑板刷；粉笔；多媒体；耳机；语音箱
；化学试剂套装；传感器；电压表；电流表；频谱分析仪等电工实验器材；安全隔离仪器；医学仪器；工程光学仪器等",14-507
200,140508,投影仪；黑板；黑板刷；粉笔,14-508
80,140509,投影仪；黑板；黑板刷；粉笔,14-509
80,140510,投影仪；黑板；黑板刷；粉笔,14-510
80,140511,投影仪；黑板；黑板刷；粉笔,14-511
80,140512,投影仪；黑板；黑板刷；粉笔,14-512
200,140601,投影仪；黑板；黑板刷；粉笔,14-601
80,140602,投影仪；黑板；黑板刷；粉笔,14-602
80,140603,投影仪；黑板；黑板刷；粉笔,14-603
80,140604,投影仪；黑板；黑板刷；粉笔,14-604
200,140605,投影仪；黑板；黑板刷；粉笔,14-605
200,140606,投影仪；黑板；黑板刷；粉笔,14-606
120,140607,"投影仪；黑板；黑板刷；粉笔；多媒体；耳机；语音箱
；化学试剂套装；传感器；电压表；电流表；频谱分析仪等电工实验器材；安全隔离仪器；医学仪器；工程光学仪器等",14-607
200,140608,投影仪；黑板；黑板刷；粉笔,14-608
80,140609,投影仪；黑板；黑板刷；粉笔,14-609
80,140610,投影仪；黑板；黑板刷；粉笔,14-610
80,140611,投影仪；黑板；黑板刷；粉笔,14-611
80,140612,投影仪；黑板；黑板刷；粉笔,14-612
300,140701,投影仪；黑板；黑板刷；粉笔,14-701
80,140702,投影仪；黑板；黑板刷；粉笔,14-702
80,140703,投影仪；黑板；黑板刷；粉笔,14-703
80,140704,投影仪；黑板；黑板刷；粉笔,14-704
200,140705,投影仪；黑板；黑板刷；粉笔,14-705
300,140706,投影仪；黑板；黑板刷；粉笔,14-706
120,140707,"投影仪；黑板；黑板刷；粉笔；多媒体；耳机；语音箱
；化学试剂套装；传感器；电压表；电流表；频谱分析仪等电工实验器材；安全隔离仪器；医学仪器；工程光学仪器等",14-707
200,140708,投影仪；黑板；黑板刷；粉笔,14-708
80,140709,投影仪；黑板；黑板刷；粉笔,14-709
80,140710,投影仪；黑板；黑板刷；粉笔,14-710
80,140711,投影仪；黑板；黑板刷；粉笔,14-711
80,140712,投影仪；黑板；黑板刷；粉笔,14-712
300,150101,投影仪；黑板；黑板刷；粉笔,15-101
80,150102,投影仪；黑板；黑板刷；粉笔,15-102
80,150103,投影仪；黑板；黑板刷；粉笔,15-103
80,150104,投影仪；黑板；黑板刷；粉笔,15-104
300,150105,投影仪；黑板；黑板刷；粉笔,15-105
200,150106,投影仪；黑板；黑板刷；粉笔,15-106
120,150107,"投影仪；黑板；黑板刷；粉笔；多媒体；耳机；语音箱
；化学试剂套装；传感器；电压表；电流表；频谱分析仪等电工实验器材；安全隔离仪器；医学仪器；工程光学仪器等",15-107
200,150108,投影仪；黑板；黑板刷；粉笔,15-108
80,150109,投影仪；黑板；黑板刷；粉笔,15-109
80,150110,投影仪；黑板；黑板刷；粉笔,15-110
80,150111,投影仪；黑板；黑板刷；粉笔,15-111
80,150112,投影仪；黑板；黑板刷；粉笔,15-112
200,150201,投影仪；黑板；黑板刷；粉笔,15-201
80,150202,投影仪；黑板；黑板刷；粉笔,15-202
80,150203,投影仪；黑板；黑板刷；粉笔,15-203
80,150204,投影仪；黑板；黑板刷；粉笔,15-204
200,150205,投影仪；黑板；黑板刷；粉笔,15-205
200,150206,投影仪；黑板；黑板刷；粉笔,15-206
120,150207,"投影仪；黑板；黑板刷；粉笔；多媒体；耳机；语音箱
；化学试剂套装；传感器；电压表；电流表；频谱分析仪等电工实验器材；安全隔离仪器；医学仪器；工程光学仪器等",15-207
200,150208,投影仪；黑板；黑板刷；粉笔,15-208
80,150209,投影仪；黑板；黑板刷；粉笔,15-209
80,150210,投影仪；黑板；黑板刷；粉笔,15-210
80,150211,投影仪；黑板；黑板刷；粉笔,15-211
80,150212,投影仪；黑板；黑板刷；粉笔,15-212
300,150301,投影仪；黑板；黑板刷；粉笔,15-301
80,150302,投影仪；黑板；黑板刷；粉笔,15-302
80,150303,投影仪；黑板；黑板刷；粉笔,15-303
80,150304,投影仪；黑板；黑板刷；粉笔,15-304
200,150305,投影仪；黑板；黑板刷；粉笔,15-305
200,150306,投影仪；黑板；黑板刷；粉笔,15-306
120,150307,"投影仪；黑板；黑板刷；粉笔；多媒体；耳机；语音箱
；化学试剂套装；传感器；电压表；电流表；频谱分析仪等电工实验器材；安全隔离仪器；医学仪器；工程光学仪器等",15-307
200,150308,投影仪；黑板；黑板刷；粉笔,15-308
80,150309,投影仪；黑板；黑板刷；粉笔,15-309
80,150310,投影仪；黑板；黑板刷；粉笔,15-310
80,150311,投影仪；黑板；黑板刷；粉笔,15-311
80,150312,投影仪；黑板；黑板刷；粉笔,15-312
200,150401,投影仪；黑板；黑板刷；粉笔,15-401
80,150402,投影仪；黑板；黑板刷；粉笔,15-402
80,150403,投影仪；黑板；黑板刷；粉笔,15-403
80,150404,投影仪；黑板；黑板刷；粉笔,15-404
300,150405,投影仪；黑板；黑板刷；粉笔,15-405
300,150406,投影仪；黑板；黑板刷；粉笔,15-406
120,150407,"投影仪；黑板；黑板刷；粉笔；多媒体；耳机；语音箱
；化学试剂套装；传感器；电压表；电流表；频谱分析仪等电工实验器材；安全隔离仪器；医学仪器；工程光学仪器等",15-407
200,150408,投影仪；黑板；黑板刷；粉笔,15-408
80,150409,投影仪；黑板；黑板刷；粉笔,15-409
80,150410,投影仪；黑板；黑板刷；粉笔,15-410
80,150411,投影仪；黑板；黑板刷；粉笔,15-411
80,150412,投影仪；黑板；黑板刷；粉笔,15-412
200,150501,投影仪；黑板；黑板刷；粉笔,15-501
80,150502,投影仪；黑板；黑板刷；粉笔,15-502
80,150503,投影仪；黑板；黑板刷；粉笔,15-503
80,150504,投影仪；黑板；黑板刷；粉笔,15-504
200,150505,投影仪；黑板；黑板刷；粉笔,15-505
300,150506,投影仪；黑板；黑板刷；粉笔,15-506
120,150507,"投影仪；黑板；黑板刷；粉笔；多媒体；耳机；语音箱
；化学试剂套装；传感器；电压表；电流表；频谱分析仪等电工实验器材；安全隔离仪器；医学仪器；工程光学仪器等",15-507
300,150508,投影仪；黑板；黑板刷；粉笔,15-508
80,150509,投影仪；黑板；黑板刷；粉笔,15-509
80,150510,投影仪；黑板；黑板刷；粉笔,15-510
80,150511,投影仪；黑板；黑板刷；粉笔,15-511
80,150512,投影仪；黑板；黑板刷；粉笔,15-512
200,150601,投影仪；黑板；黑板刷；粉笔,15-601
80,150602,投影仪；黑板；黑板刷；粉笔,15-602
80,150603,投影仪；黑板；黑板刷；粉笔,15-603
80,150604,投影仪；黑板；黑板刷；粉笔,15-604
300,150605,投影仪；黑板；黑板刷；粉笔,15-605
300,150606,投影仪；黑板；黑板刷；粉笔,15-606
120,150607,"投影仪；黑板；黑板刷；粉笔；多媒体；耳机；语音箱
；化学试剂套装；传感器；电压表；电流表；频谱分析仪等电工实验器材；安全隔离仪器；医学仪器；工程光学仪器等",15-607
200,150608,投影仪；黑板；黑板刷；粉笔,15-608
80,150609,投影仪；黑板；黑板刷；粉笔,15-609
80,150610,投影仪；黑板；黑板刷；粉笔,15-610
80,150611,投影仪；黑板；黑板刷；粉笔,15-611
80,150612,投影仪；黑板；黑板刷；粉笔,15-612
300,150701,投影仪；黑板；黑板刷；粉笔,15-701
80,150702,投影仪；黑板；黑板刷；粉笔,15-702
80,150703,投影仪；黑板；黑板刷；粉笔,15-703
80,150704,投影仪；黑板；黑板刷；粉笔,15-704
200,150705,投影仪；黑板；黑板刷；粉笔,15-705
300,150706,投影仪；黑板；黑板刷；粉笔,15-706
120,150707,"投影仪；黑板；黑板刷；粉笔；多媒体；耳机；语音箱
；化学试剂套装；传感器；电压表；电流表；频谱分析仪等电工实验器材；安全隔离仪器；医学仪器；工程光学仪器等",15-707
300,150708,投影仪；黑板；黑板刷；粉笔,15-708
80,150709,投影仪；黑板；黑板刷；粉笔,15-709
80,150710,投影仪；黑板；黑板刷；粉笔,15-710
80,150711,投影仪；黑板；黑板刷；粉笔,15-711
80,150712,投影仪；黑板；黑板刷；粉笔,15-712
300,160101,投影仪；黑板；黑板刷；粉笔,16-101
80,160102,投影仪；黑板；黑板刷；粉笔,16-102
80,160103,投影仪；黑板；黑板刷；粉笔,16-103
80,160104,投影仪；黑板；黑板刷；粉笔,16-104
300,160105,投影仪；黑板；黑板刷；粉笔,16-105
300,160106,投影仪；黑板；黑板刷；粉笔,16-106
120,160107,"投影仪；黑板；黑板刷；粉笔；多媒体；耳机；语音箱
；化学试剂套装；传感器；电压表；电流表；频谱分析仪等电工实验器材；安全隔离仪器；医学仪器；工程光学仪器等",16-107
300,160108,投影仪；黑板；黑板刷；粉笔,16-108
80,160109,投影仪；黑板；黑板刷；粉笔,16-109
80,160110,投影仪；黑板；黑板刷；粉笔,16-110
80,160111,投影仪；黑板；黑板刷；粉笔,16-111
80,160112,投影仪；黑板；黑板刷；粉笔,16-112
300,160201,投影仪；黑板；黑板刷；粉笔,16-201
80,160202,投影仪；黑板；黑板刷；粉笔,16-202
80,160203,投影仪；黑板；黑板刷；粉笔,16-203
80,160204,投影仪；黑板；黑板刷；粉笔,16-204
200,160205,投影仪；黑板；黑板刷；粉笔,16-205
200,160206,投影仪；黑板；黑板刷；粉笔,16-206
120,160207,"投影仪；黑板；黑板刷；粉笔；多媒体；耳机；语音箱
；化学试剂套装；传感器；电压表；电流表；频谱分析仪等电工实验器材；安全隔离仪器；医学仪器；工程光学仪器等",16-207
300,160208,投影仪；黑板；黑板刷；粉笔,16-208
80,160209,投影仪；黑板；黑板刷；粉笔,16-209
80,160210,投影仪；黑板；黑板刷；粉笔,16-210
80,160211,投影仪；黑板；黑板刷；粉笔,16-211
80,160212,投影仪；黑板；黑板刷；粉笔,16-212
300,160301,投影仪；黑板；黑板刷；粉笔,16-301
80,160302,投影仪；黑板；黑板刷；粉笔,16-302
80,160303,投影仪；黑板；黑板刷；粉笔,16-303
80,160304,投影仪；黑板；黑板刷；粉笔,16-304
200,160305,投影仪；黑板；黑板刷；粉笔,16-305
300,160306,投影仪；黑板；黑板刷；粉笔,16-306
120,160307,"投影仪；黑板；黑板刷；粉笔；多媒体；耳机；语音箱
；化学试剂套装；传感器；电压表；电流表；频谱分析仪等电工实验器材；安全隔离仪器；医学仪器；工程光学仪器等",16-307
300,160308,投影仪；黑板；黑板刷；粉笔,16-308
80,160309,投影仪；黑板；黑板刷；粉笔,16-309
80,160310,投影仪；黑板；黑板刷；粉笔,16-310
80,160311,投影仪；黑板；黑板刷；粉笔,16-311
80,160312,投影仪；黑板；黑板刷；粉笔,16-312
200,160401,投影仪；黑板；黑板刷；粉笔,16-401
80,160402,投影仪；黑板；黑板刷；粉笔,16-402
80,160403,投影仪；黑板；黑板刷；粉笔,16-403
80,160404,投影仪；黑板；黑板刷；粉笔,16-404
300,160405,投影仪；黑板；黑板刷；粉笔,16-405
200,160406,投影仪；黑板；黑板刷；粉笔,16-406
120,160407,"投影仪；黑板；黑板刷；粉笔；多媒体；耳机；语音箱
；化学试剂套装；传感器；电压表；电流表；频谱分析仪等电工实验器材；安全隔离仪器；医学仪器；工程光学仪器等",16-407
200,160408,投影仪；黑板；黑板刷；粉笔,16-408
80,160409,投影仪；黑板；黑板刷；粉笔,16-409
80,160410,投影仪；黑板；黑板刷；粉笔,16-410
80,160411,投影仪；黑板；黑板刷；粉笔,16-411
80,160412,投影仪；黑板；黑板刷；粉笔,16-412
200,160501,投影仪；黑板；黑板刷；粉笔,16-501
80,160502,投影仪；黑板；黑板刷；粉笔,16-502
80,160503,投影仪；黑板；黑板刷；粉笔,16-503
80,160504,投影仪；黑板；黑板刷；粉笔,16-504
300,160505,投影仪；黑板；黑板刷；粉笔,16-505
300,160506,投影仪；黑板；黑板刷；粉笔,16-506
120,160507,"投影仪；黑板；黑板刷；粉笔；多媒体；耳机；语音箱
；化学试剂套装；传感器；电压表；电流表；频谱分析仪等电工实验器材；安全隔离仪器；医学仪器；工程光学仪器等",16-507
300,160508,投影仪；黑板；黑板刷；粉笔,16-508
80,160509,投影仪；黑板；黑板刷；粉笔,16-509
80,160510,投影仪；黑板；黑板刷；粉笔,16-510
80,160511,投影仪；黑板；黑板刷；粉笔,16-511
80,160512,投影仪；黑板；黑板刷；粉笔,16-512
300,160601,投影仪；黑板；黑板刷；粉笔,16-601
80,160602,投影仪；黑板；黑板刷；粉笔,16-602
80,160603,投影仪；黑板；黑板刷；粉笔,16-603
80,160604,投影仪；黑板；黑板刷；粉笔,16-604
300,160605,投影仪；黑板；黑板刷；粉笔,16-605
200,160606,投影仪；黑板；黑板刷；粉笔,16-606
120,160607,"投影仪；黑板；黑板刷；粉笔；多媒体；耳机；语音箱
；化学试剂套装；传感器；电压表；电流表；频谱分析仪等电工实验器材；安全隔离仪器；医学仪器；工程光学仪器等",16-607
300,160608,投影仪；黑板；黑板刷；粉笔,16-608
80,160609,投影仪；黑板；黑板刷；粉笔,16-609
80,160610,投影仪；黑板；黑板刷；粉笔,16-610
80,160611,投影仪；黑板；黑板刷；粉笔,16-611
80,160612,投影仪；黑板；黑板刷；粉笔,16-612
300,170101,投影仪；黑板；黑板刷；粉笔,17-101
80,170102,投影仪；黑板；黑板刷；粉笔,17-102
80,170103,投影仪；黑板；黑板刷；粉笔,17-103
80,170104,投影仪；黑板；黑板刷；粉笔,17-104
200,170105,投影仪；黑板；黑板刷；粉笔,17-105
200,170106,投影仪；黑板；黑板刷；粉笔,17-106
120,170107,"投影仪；黑板；黑板刷；粉笔；多媒体；耳机；语音箱
；化学试剂套装；传感器；电压表；电流表；频谱分析仪等电工实验器材；安全隔离仪器；医学仪器；工程光学仪器等",17-107
300,170108,投影仪；黑板；黑板刷；粉笔,17-108
80,170109,投影仪；黑板；黑板刷；粉笔,17-109
80,170110,投影仪；黑板；黑板刷；粉笔,17-110
80,170111,投影仪；黑板；黑板刷；粉笔,17-111
80,170112,投影仪；黑板；黑板刷；粉笔,17-112
300,170201,投影仪；黑板；黑板刷；粉笔,17-201
80,170202,投影仪；黑板；黑板刷；粉笔,17-202
80,170203,投影仪；黑板；黑板刷；粉笔,17-203
80,170204,投影仪；黑板；黑板刷；粉笔,17-204
300,170205,投影仪；黑板；黑板刷；粉笔,17-205
300,170206,投影仪；黑板；黑板刷；粉笔,17-206
120,170207,"投影仪；黑板；黑板刷；粉笔；多媒体；耳机；语音箱
；化学试剂套装；传感器；电压表；电流表；频谱分析仪等电工实验器材；安全隔离仪器；医学仪器；工程光学仪器等",17-207
200,170208,投影仪；黑板；黑板刷；粉笔,17-208
80,170209,投影仪；黑板；黑板刷；粉笔,17-209
80,170210,投影仪；黑板；黑板刷；粉笔,17-210
80,170211,投影仪；黑板；黑板刷；粉笔,17-211
80,170212,投影仪；黑板；黑板刷；粉笔,17-212
300,170301,投影仪；黑板；黑板刷；粉笔,17-301
80,170302,投影仪；黑板；黑板刷；粉笔,17-302
80,170303,投影仪；黑板；黑板刷；粉笔,17-303
80,170304,投影仪；黑板；黑板刷；粉笔,17-304
300,170305,投影仪；黑板；黑板刷；粉笔,17-305
200,170306,投影仪；黑板；黑板刷；粉笔,17-306
120,170307,"投影仪；黑板；黑板刷；粉笔；多媒体；耳机；语音箱
；化学试剂套装；传感器；电压表；电流表；频谱分析仪等电工实验器材；安全隔离仪器；医学仪器；工程光学仪器等",17-307
300,170308,投影仪；黑板；黑板刷；粉笔,17-308
80,170309,投影仪；黑板；黑板刷；粉笔,17-309
80,170310,投影仪；黑板；黑板刷；粉笔,17-310
80,170311,投影仪；黑板；黑板刷；粉笔,17-311
80,170312,投影仪；黑板；黑板刷；粉笔,17-312
300,170401,投影仪；黑板；黑板刷；粉笔,17-401
80,170402,投影仪；黑板；黑板刷；粉笔,17-402
80,170403,投影仪；黑板；黑板刷；粉笔,17-403
80,170404,投影仪；黑板；黑板刷；粉笔,17-404
300,170405,投影仪；黑板；黑板刷；粉笔,17-405
300,170406,投影仪；黑板；黑板刷；粉笔,17-406
120,170407,"投影仪；黑板；黑板刷；粉笔；多媒体；耳机；语音箱
；化学试剂套装；传感器；电压表；电流表；频谱分析仪等电工实验器材；安全隔离仪器；医学仪器；工程光学仪器等",17-407
300,170408,投影仪；黑板；黑板刷；粉笔,17-408
80,170409,投影仪；黑板；黑板刷；粉笔,17-409
80,170410,投影仪；黑板；黑板刷；粉笔,17-410
80,170411,投影仪；黑板；黑板刷；粉笔,17-411
80,170412,投影仪；黑板；黑板刷；粉笔,17-412
200,170501,投影仪；黑板；黑板刷；粉笔,17-501
80,170502,投影仪；黑板；黑板刷；粉笔,17-502
80,170503,投影仪；黑板；黑板刷；粉笔,17-503
80,170504,投影仪；黑板；黑板刷；粉笔,17-504
200,170505,投影仪；黑板；黑板刷；粉笔,17-505
200,170506,投影仪；黑板；黑板刷；粉笔,17-506
120,170507,"投影仪；黑板；黑板刷；粉笔；多媒体；耳机；语音箱
；化学试剂套装；传感器；电压表；电流表；频谱分析仪等电工实验器材；安全隔离仪器；医学仪器；工程光学仪器等",17-507
300,170508,投影仪；黑板；黑板刷；粉笔,17-508
80,170509,投影仪；黑板；黑板刷；粉笔,17-509
80,170510,投影仪；黑板；黑板刷；粉笔,17-510
80,170511,投影仪；黑板；黑板刷；粉笔,17-511
80,170512,投影仪；黑板；黑板刷；粉笔,17-512
200,170601,投影仪；黑板；黑板刷；粉笔,17-601
80,170602,投影仪；黑板；黑板刷；粉笔,17-602
80,170603,投影仪；黑板；黑板刷；粉笔,17-603
80,170604,投影仪；黑板；黑板刷；粉笔,17-604
200,170605,投影仪；黑板；黑板刷；粉笔,17-605
200,170606,投影仪；黑板；黑板刷；粉笔,17-606
120,170607,"投影仪；黑板；黑板刷；粉笔；多媒体；耳机；语音箱
；化学试剂套装；传感器；电压表；电流表；频谱分析仪等电工实验器材；安全隔离仪器；医学仪器；工程光学仪器等",17-607
200,170608,投影仪；黑板；黑板刷；粉笔,17-608
80,170609,投影仪；黑板；黑板刷；粉笔,17-609
80,170610,投影仪；黑板；黑板刷；粉笔,17-610
80,170611,投影仪；黑板；黑板刷；粉笔,17-611
80,170612,投影仪；黑板；黑板刷；粉笔,17-612
300,180101,投影仪；黑板；黑板刷；粉笔,18-101
80,180102,投影仪；黑板；黑板刷；粉笔,18-102
80,180103,投影仪；黑板；黑板刷；粉笔,18-103
80,180104,投影仪；黑板；黑板刷；粉笔,18-104
200,180105,投影仪；黑板；黑板刷；粉笔,18-105
200,180106,投影仪；黑板；黑板刷；粉笔,18-106
120,180107,"投影仪；黑板；黑板刷；粉笔；多媒体；耳机；语音箱
；化学试剂套装；传感器；电压表；电流表；频谱分析仪等电工实验器材；安全隔离仪器；医学仪器；工程光学仪器等",18-107
300,180108,投影仪；黑板；黑板刷；粉笔,18-108
80,180109,投影仪；黑板；黑板刷；粉笔,18-109
80,180110,投影仪；黑板；黑板刷；粉笔,18-110
80,180111,投影仪；黑板；黑板刷；粉笔,18-111
80,180112,投影仪；黑板；黑板刷；粉笔,18-112
200,180201,投影仪；黑板；黑板刷；粉笔,18-201
80,180202,投影仪；黑板；黑板刷；粉笔,18-202
80,180203,投影仪；黑板；黑板刷；粉笔,18-203
80,180204,投影仪；黑板；黑板刷；粉笔,18-204
300,180205,投影仪；黑板；黑板刷；粉笔,18-205
300,180206,投影仪；黑板；黑板刷；粉笔,18-206
120,180207,"投影仪；黑板；黑板刷；粉笔；多媒体；耳机；语音箱
；化学试剂套装；传感器；电压表；电流表；频谱分析仪等电工实验器材；安全隔离仪器；医学仪器；工程光学仪器等",18-207
200,180208,投影仪；黑板；黑板刷；粉笔,18-208
80,180209,投影仪；黑板；黑板刷；粉笔,18-209
80,180210,投影仪；黑板；黑板刷；粉笔,18-210
80,180211,投影仪；黑板；黑板刷；粉笔,18-211
80,180212,投影仪；黑板；黑板刷；粉笔,18-212
200,180301,投影仪；黑板；黑板刷；粉笔,18-301
80,180302,投影仪；黑板；黑板刷；粉笔,18-302
80,180303,投影仪；黑板；黑板刷；粉笔,18-303
80,180304,投影仪；黑板；黑板刷；粉笔,18-304
300,180305,投影仪；黑板；黑板刷；粉笔,18-305
300,180306,投影仪；黑板；黑板刷；粉笔,18-306
120,180307,"投影仪；黑板；黑板刷；粉笔；多媒体；耳机；语音箱
；化学试剂套装；传感器；电压表；电流表；频谱分析仪等电工实验器材；安全隔离仪器；医学仪器；工程光学仪器等",18-307
200,180308,投影仪；黑板；黑板刷；粉笔,18-308
80,180309,投影仪；黑板；黑板刷；粉笔,18-309
80,180310,投影仪；黑板；黑板刷；粉笔,18-310
80,180311,投影仪；黑板；黑板刷；粉笔,18-311
80,180312,投影仪；黑板；黑板刷；粉笔,18-312
200,180401,投影仪；黑板；黑板刷；粉笔,18-401
80,180402,投影仪；黑板；黑板刷；粉笔,18-402
80,180403,投影仪；黑板；黑板刷；粉笔,18-403
80,180404,投影仪；黑板；黑板刷；粉笔,18-404
300,180405,投影仪；黑板；黑板刷；粉笔,18-405
300,180406,投影仪；黑板；黑板刷；粉笔,18-406
120,180407,"投影仪；黑板；黑板刷；粉笔；多媒体；耳机；语音箱
；化学试剂套装；传感器；电压表；电流表；频谱分析仪等电工实验器材；安全隔离仪器；医学仪器；工程光学仪器等",18-407
300,180408,投影仪；黑板；黑板刷；粉笔,18-408
80,180409,投影仪；黑板；黑板刷；粉笔,18-409
80,180410,投影仪；黑板；黑板刷；粉笔,18-410
80,180411,投影仪；黑板；黑板刷；粉笔,18-411
80,180412,投影仪；黑板；黑板刷；粉笔,18-412
300,180501,投影仪；黑板；黑板刷；粉笔,18-501
80,180502,投影仪；黑板；黑板刷；粉笔,18-502
80,180503,投影仪；黑板；黑板刷；粉笔,18-503
80,180504,投影仪；黑板；黑板刷；粉笔,18-504
300,180505,投影仪；黑板；黑板刷；粉笔,18-505
200,180506,投影仪；黑板；黑板刷；粉笔,18-506
120,180507,"投影仪；黑板；黑板刷；粉笔；多媒体；耳机；语音箱
；化学试剂套装；传感器；电压表；电流表；频谱分析仪等电工实验器材；安全隔离仪器；医学仪器；工程光学仪器等",18-507
300,180508,投影仪；黑板；黑板刷；粉笔,18-508
80,180509,投影仪；黑板；黑板刷；粉笔,18-509
80,180510,投影仪；黑板；黑板刷；粉笔,18-510
80,180511,投影仪；黑板；黑板刷；粉笔,18-511
80,180512,投影仪；黑板；黑板刷；粉笔,18-512
300,180601,投影仪；黑板；黑板刷；粉笔,18-601
80,180602,投影仪；黑板；黑板刷；粉笔,18-602
80,180603,投影仪；黑板；黑板刷；粉笔,18-603
80,180604,投影仪；黑板；黑板刷；粉笔,18-604
300,180605,投影仪；黑板；黑板刷；粉笔,18-605
300,180606,投影仪；黑板；黑板刷；粉笔,18-606
120,180607,"投影仪；黑板；黑板刷；粉笔；多媒体；耳机；语音箱
；化学试剂套装；传感器；电压表；电流表；频谱分析仪等电工实验器材；安全隔离仪器；医学仪器；工程光学仪器等",18-607
300,180608,投影仪；黑板；黑板刷；粉笔,18-608
80,180609,投影仪；黑板；黑板刷；粉笔,18-609
80,180610,投影仪；黑板；黑板刷；粉笔,18-610
80,180611,投影仪；黑板；黑板刷；粉笔,18-611
80,180612,投影仪；黑板；黑板刷；粉笔,18-612
200,190101,投影仪；黑板；黑板刷；粉笔,19-101
80,190102,投影仪；黑板；黑板刷；粉笔,19-102
80,190103,投影仪；黑板；黑板刷；粉笔,19-103
80,190104,投影仪；黑板；黑板刷；粉笔,19-104
300,190105,投影仪；黑板；黑板刷；粉笔,19-105
300,190106,投影仪；黑板；黑板刷；粉笔,19-106
120,190107,"投影仪；黑板；黑板刷；粉笔；多媒体；耳机；语音箱
；化学试剂套装；传感器；电压表；电流表；频谱分析仪等电工实验器材；安全隔离仪器；医学仪器；工程光学仪器等",19-107
300,190108,投影仪；黑板；黑板刷；粉笔,19-108
80,190109,投影仪；黑板；黑板刷；粉笔,19-109
80,190110,投影仪；黑板；黑板刷；粉笔,19-110
80,190111,投影仪；黑板；黑板刷；粉笔,19-111
80,190112,投影仪；黑板；黑板刷；粉笔,19-112
300,190201,投影仪；黑板；黑板刷；粉笔,19-201
80,190202,投影仪；黑板；黑板刷；粉笔,19-202
80,190203,投影仪；黑板；黑板刷；粉笔,19-203
80,190204,投影仪；黑板；黑板刷；粉笔,19-204
300,190205,投影仪；黑板；黑板刷；粉笔,19-205
300,190206,投影仪；黑板；黑板刷；粉笔,19-206
120,190207,"投影仪；黑板；黑板刷；粉笔；多媒体；耳机；语音箱
；化学试剂套装；传感器；电压表；电流表；频谱分析仪等电工实验器材；安全隔离仪器；医学仪器；工程光学仪器等",19-207
200,190208,投影仪；黑板；黑板刷；粉笔,19-208
80,190209,投影仪；黑板；黑板刷；粉笔,19-209
80,190210,投影仪；黑板；黑板刷；粉笔,19-210
80,190211,投影仪；黑板；黑板刷；粉笔,19-211
80,190212,投影仪；黑板；黑板刷；粉笔,19-212
200,190301,投影仪；黑板；黑板刷；粉笔,19-301
80,190302,投影仪；黑板；黑板刷；粉笔,19-302
80,190303,投影仪；黑板；黑板刷；粉笔,19-303
80,190304,投影仪；黑板；黑板刷；粉笔,19-304
300,190305,投影仪；黑板；黑板刷；粉笔,19-305
200,190306,投影仪；黑板；黑板刷；粉笔,19-306
120,190307,"投影仪；黑板；黑板刷；粉笔；多媒体；耳机；语音箱
；化学试剂套装；传感器；电压表；电流表；频谱分析仪等电工实验器材；安全隔离仪器；医学仪器；工程光学仪器等",19-307
200,190308,投影仪；黑板；黑板刷；粉笔,19-308
80,190309,投影仪；黑板；黑板刷；粉笔,19-309
80,190310,投影仪；黑板；黑板刷；粉笔,19-310
80,190311,投影仪；黑板；黑板刷；粉笔,19-311
80,190312,投影仪；黑板；黑板刷；粉笔,19-312
200,190401,投影仪；黑板；黑板刷；粉笔,19-401
80,190402,投影仪；黑板；黑板刷；粉笔,19-402
80,190403,投影仪；黑板；黑板刷；粉笔,19-403
80,190404,投影仪；黑板；黑板刷；粉笔,19-404
300,190405,投影仪；黑板；黑板刷；粉笔,19-405
300,190406,投影仪；黑板；黑板刷；粉笔,19-406
120,190407,"投影仪；黑板；黑板刷；粉笔；多媒体；耳机；语音箱
；化学试剂套装；传感器；电压表；电流表；频谱分析仪等电工实验器材；安全隔离仪器；医学仪器；工程光学仪器等",19-407
300,190408,投影仪；黑板；黑板刷；粉笔,19-408
80,190409,投影仪；黑板；黑板刷；粉笔,19-409
80,190410,投影仪；黑板；黑板刷；粉笔,19-410
80,190411,投影仪；黑板；黑板刷；粉笔,19-411
80,190412,投影仪；黑板；黑板刷；粉笔,19-412
300,190501,投影仪；黑板；黑板刷；粉笔,19-501
80,190502,投影仪；黑板；黑板刷；粉笔,19-502
80,190503,投影仪；黑板；黑板刷；粉笔,19-503
80,190504,投影仪；黑板；黑板刷；粉笔,19-504
300,190505,投影仪；黑板；黑板刷；粉笔,19-505
200,190506,投影仪；黑板；黑板刷；粉笔,19-506
120,190507,"投影仪；黑板；黑板刷；粉笔；多媒体；耳机；语音箱
；化学试剂套装；传感器；电压表；电流表；频谱分析仪等电工实验器材；安全隔离仪器；医学仪器；工程光学仪器等",19-507
300,190508,投影仪；黑板；黑板刷；粉笔,19-508
80,190509,投影仪；黑板；黑板刷；粉笔,19-509
80,190510,投影仪；黑板；黑板刷；粉笔,19-510
80,190511,投影仪；黑板；黑板刷；粉笔,19-511
80,190512,投影仪；黑板；黑板刷；粉笔,19-512
200,200101,投影仪；黑板；黑板刷；粉笔,20-101
80,200102,投影仪；黑板；黑板刷；粉笔,20-102
80,200103,投影仪；黑板；黑板刷；粉笔,20-103
80,200104,投影仪；黑板；黑板刷；粉笔,20-104
300,200105,投影仪；黑板；黑板刷；粉笔,20-105
300,200106,投影仪；黑板；黑板刷；粉笔,20-106
120,200107,"投影仪；黑板；黑板刷；粉笔；多媒体；耳机；语音箱
；化学试剂套装；传感器；电压表；电流表；频谱分析仪等电工实验器材；安全隔离仪器；医学仪器；工程光学仪器等",20-107
200,200108,投影仪；黑板；黑板刷；粉笔,20-108
80,200109,投影仪；黑板；黑板刷；粉笔,20-109
80,200110,投影仪；黑板；黑板刷；粉笔,20-110
80,200111,投影仪；黑板；黑板刷；粉笔,20-111
80,200112,投影仪；黑板；黑板刷；粉笔,20-112
300,200201,投影仪；黑板；黑板刷；粉笔,20-201
80,200202,投影仪；黑板；黑板刷；粉笔,20-202
80,200203,投影仪；黑板；黑板刷；粉笔,20-203
80,200204,投影仪；黑板；黑板刷；粉笔,20-204
200,200205,投影仪；黑板；黑板刷；粉笔,20-205
300,200206,投影仪；黑板；黑板刷；粉笔,20-206
120,200207,"投影仪；黑板；黑板刷；粉笔；多媒体；耳机；语音箱
；化学试剂套装；传感器；电压表；电流表；频谱分析仪等电工实验器材；安全隔离仪器；医学仪器；工程光学仪器等",20-207
300,200208,投影仪；黑板；黑板刷；粉笔,20-208
80,200209,投影仪；黑板；黑板刷；粉笔,20-209
80,200210,投影仪；黑板；黑板刷；粉笔,20-210
80,200211,投影仪；黑板；黑板刷；粉笔,20-211
80,200212,投影仪；黑板；黑板刷；粉笔,20-212
300,200301,投影仪；黑板；黑板刷；粉笔,20-301
80,200302,投影仪；黑板；黑板刷；粉笔,20-302
80,200303,投影仪；黑板；黑板刷；粉笔,20-303
80,200304,投影仪；黑板；黑板刷；粉笔,20-304
200,200305,投影仪；黑板；黑板刷；粉笔,20-305
200,200306,投影仪；黑板；黑板刷；粉笔,20-306
120,200307,"投影仪；黑板；黑板刷；粉笔；多媒体；耳机；语音箱
；化学试剂套装；传感器；电压表；电流表；频谱分析仪等电工实验器材；安全隔离仪器；医学仪器；工程光学仪器等",20-307
200,200308,投影仪；黑板；黑板刷；粉笔,20-308
80,200309,投影仪；黑板；黑板刷；粉笔,20-309
80,200310,投影仪；黑板；黑板刷；粉笔,20-310
80,200311,投影仪；黑板；黑板刷；粉笔,20-311
80,200312,投影仪；黑板；黑板刷；粉笔,20-312
300,200401,投影仪；黑板；黑板刷；粉笔,20-401
80,200402,投影仪；黑板；黑板刷；粉笔,20-402
80,200403,投影仪；黑板；黑板刷；粉笔,20-403
80,200404,投影仪；黑板；黑板刷；粉笔,20-404
300,200405,投影仪；黑板；黑板刷；粉笔,20-405
200,200406,投影仪；黑板；黑板刷；粉笔,20-406
120,200407,"投影仪；黑板；黑板刷；粉笔；多媒体；耳机；语音箱
；化学试剂套装；传感器；电压表；电流表；频谱分析仪等电工实验器材；安全隔离仪器；医学仪器；工程光学仪器等",20-407
200,200408,投影仪；黑板；黑板刷；粉笔,20-408
80,200409,投影仪；黑板；黑板刷；粉笔,20-409
80,200410,投影仪；黑板；黑板刷；粉笔,20-410
80,200411,投影仪；黑板；黑板刷；粉笔,20-411
80,200412,投影仪；黑板；黑板刷；粉笔,20-412
200,200501,投影仪；黑板；黑板刷；粉笔,20-501
80,200502,投影仪；黑板；黑板刷；粉笔,20-502
80,200503,投影仪；黑板；黑板刷；粉笔,20-503
80,200504,投影仪；黑板；黑板刷；粉笔,20-504
300,200505,投影仪；黑板；黑板刷；粉笔,20-505
300,200506,投影仪；黑板；黑板刷；粉笔,20-506
120,200507,"投影仪；黑板；黑板刷；粉笔；多媒体；耳机；语音箱
；化学试剂套装；传感器；电压表；电流表；频谱分析仪等电工实验器材；安全隔离仪器；医学仪器；工程光学仪器等",20-507
300,200508,投影仪；黑板；黑板刷；粉笔,20-508
80,200509,投影仪；黑板；黑板刷；粉笔,20-509
80,200510,投影仪；黑板；黑板刷；粉笔,20-510
80,200511,投影仪；黑板；黑板刷；粉笔,20-511
80,200512,投影仪；黑板；黑板刷；粉笔,20-512
300,200601,投影仪；黑板；黑板刷；粉笔,20-601
80,200602,投影仪；黑板；黑板刷；粉笔,20-602
80,200603,投影仪；黑板；黑板刷；粉笔,20-603
80,200604,投影仪；黑板；黑板刷；粉笔,20-604
300,200605,投影仪；黑板；黑板刷；粉笔,20-605
200,200606,投影仪；黑板；黑板刷；粉笔,20-606
120,200607,"投影仪；黑板；黑板刷；粉笔；多媒体；耳机；语音箱
；化学试剂套装；传感器；电压表；电流表；频谱分析仪等电工实验器材；安全隔离仪器；医学仪器；工程光学仪器等",20-607
200,200608,投影仪；黑板；黑板刷；粉笔,20-608
80,200609,投影仪；黑板；黑板刷；粉笔,20-609
80,200610,投影仪；黑板；黑板刷；粉笔,20-610
80,200611,投影仪；黑板；黑板刷；粉笔,20-611
80,200612,投影仪；黑板；黑板刷；粉笔,20-612
