班级,班级编号,学生人数,专业,课程
1班,2016100101,50,数学与应用数学,几何学；概率论；物理学；数学模型；计算机基础；数学史；分析学；代数学；离散数学；高等数学A；大学英语
2班,2016100102,51,数学与应用数学,几何学；概率论；物理学；数学模型；计算机基础；数学史；分析学；代数学；离散数学；高等数学A；大学英语
3班,2016100103,53,数学与应用数学,几何学；概率论；物理学；数学模型；计算机基础；数学史；分析学；代数学；离散数学；高等数学A；大学英语
4班,2016100104,49,数学与应用数学,几何学；概率论；物理学；数学模型；计算机基础；数学史；分析学；代数学；离散数学；高等数学A；大学英语
5班,2016100105,48,数学与应用数学,几何学；概率论；物理学；数学模型；计算机基础；数学史；分析学；代数学；离散数学；高等数学A；大学英语
1班,2017100101,54,数学与应用数学,几何学；概率论；物理学；数学模型；数学史；分析学；代数学；高等数学A；大学英语
2班,2017100102,47,数学与应用数学,几何学；概率论；物理学；数学模型；数学史；分析学；代数学；高等数学A；大学英语
3班,2017100103,49,数学与应用数学,几何学；概率论；物理学；数学模型；数学史；分析学；代数学；高等数学A；大学英语
4班,2017100104,46,数学与应用数学,几何学；概率论；物理学；数学模型；数学史；分析学；代数学；高等数学A；大学英语
5班,2017100105,49,数学与应用数学,几何学；概率论；物理学；数学模型；数学史；分析学；代数学；高等数学A；大学英语
1班,2018100101,53,数学与应用数学,几何学；概率论；物理学；数学模型；数学史；分析学；代数学；高等数学A；大学英语
2班,2018100102,50,数学与应用数学,几何学；概率论；物理学；数学模型；数学史；分析学；代数学；高等数学A；大学英语
3班,2018100103,47,数学与应用数学,几何学；概率论；物理学；数学模型；数学史；分析学；代数学；高等数学A；大学英语
4班,2018100104,54,数学与应用数学,几何学；概率论；物理学；数学模型；数学史；分析学；代数学；高等数学A；大学英语
5班,2018100105,45,数学与应用数学,几何学；概率论；物理学；数学模型；数学史；分析学；代数学；高等数学A；大学英语
1班,2019100101,52,数学与应用数学,几何学；概率论；物理学；数学模型；数学史；分析学；代数学；高等数学A；大学英语；国学经典；形式与政策；近代史；高等数学B
2班,2019100102,53,数学与应用数学,几何学；概率论；物理学；数学模型；数学史；分析学；代数学；高等数学A；大学英语；国学经典；形式与政策；近代史；高等数学B
3班,2019100103,50,数学与应用数学,几何学；概率论；物理学；数学模型；数学史；分析学；代数学；高等数学A；大学英语；国学经典；形式与政策；近代史；高等数学B
4班,2019100104,49,数学与应用数学,几何学；概率论；物理学；数学模型；数学史；分析学；代数学；高等数学A；大学英语；国学经典；形式与政策；近代史；高等数学B
5班,2019100105,53,数学与应用数学,几何学；概率论；物理学；数学模型；数学史；分析学；代数学；高等数学A；大学英语；国学经典；形式与政策；近代史；高等数学B
1班,2016100201,51,中医学,高等数学B；大学英语；中医诊断学；中药学；方剂学；中医内科学
2班,2016100202,48,中医学,高等数学B；大学英语；中医诊断学；中药学；方剂学；中医内科学
3班,2016100203,47,中医学,高等数学B；大学英语；中医诊断学；中药学；方剂学；中医内科学
4班,2016100204,49,中医学,高等数学B；大学英语；中医诊断学；中药学；方剂学；中医内科学
5班,2016100205,54,中医学,高等数学B；大学英语；中医诊断学；中药学；方剂学；中医内科学
1班,2017100201,51,中医学,高等数学B；大学英语；中医学基础；现代医学基础；中医诊断学；中药学；方剂学；中医内科学
2班,2017100202,47,中医学,高等数学B；大学英语；中医学基础；现代医学基础；中医诊断学；中药学；方剂学；中医内科学
3班,2017100203,45,中医学,高等数学B；大学英语；中医学基础；现代医学基础；中医诊断学；中药学；方剂学；中医内科学
4班,2017100204,45,中医学,高等数学B；大学英语；中医学基础；现代医学基础；中医诊断学；中药学；方剂学；中医内科学
5班,2017100205,53,中医学,高等数学B；大学英语；中医学基础；现代医学基础；中医诊断学；中药学；方剂学；中医内科学
1班,2018100201,53,中医学,高等数学B；大学英语；中医学基础；现代医学基础；中医诊断学；中药学；方剂学；中医内科学
2班,2018100202,51,中医学,高等数学B；大学英语；中医学基础；现代医学基础；中医诊断学；中药学；方剂学；中医内科学
3班,2018100203,48,中医学,高等数学B；大学英语；中医学基础；现代医学基础；中医诊断学；中药学；方剂学；中医内科学
4班,2018100204,45,中医学,高等数学B；大学英语；中医学基础；现代医学基础；中医诊断学；中药学；方剂学；中医内科学
5班,2018100205,46,中医学,高等数学B；大学英语；中医学基础；现代医学基础；中医诊断学；中药学；方剂学；中医内科学
1班,2019100201,47,中医学,高等数学B；大学英语；中医学基础；现代医学基础；中医诊断学；中药学；方剂学；中医内科学；形势与政策；国学经典；近代史
2班,2019100202,54,中医学,高等数学B；大学英语；中医学基础；现代医学基础；中医诊断学；中药学；方剂学；中医内科学；形势与政策；国学经典；近代史
3班,2019100203,49,中医学,高等数学B；大学英语；中医学基础；现代医学基础；中医诊断学；中药学；方剂学；中医内科学；形势与政策；国学经典；近代史
4班,2019100204,51,中医学,高等数学B；大学英语；中医学基础；现代医学基础；中医诊断学；中药学；方剂学；中医内科学；形势与政策；国学经典；近代史
5班,2019100205,51,中医学,高等数学B；大学英语；中医学基础；现代医学基础；中医诊断学；中药学；方剂学；中医内科学；形势与政策；国学经典；近代史
1班,2016100301,48,物理学,普通物理学；理论力学；热力学与统计物理；量子力学；固体物理学
2班,2016100302,49,物理学,普通物理学；理论力学；热力学与统计物理；量子力学；固体物理学
3班,2016100303,53,物理学,普通物理学；理论力学；热力学与统计物理；量子力学；固体物理学
4班,2016100304,51,物理学,普通物理学；理论力学；热力学与统计物理；量子力学；固体物理学
5班,2016100305,53,物理学,普通物理学；理论力学；热力学与统计物理；量子力学；固体物理学
1班,2017100301,45,物理学,普通物理学；理论力学；热力学与统计物理；量子力学；固体物理学
2班,2017100302,45,物理学,普通物理学；理论力学；热力学与统计物理；量子力学；固体物理学
3班,2017100303,51,物理学,普通物理学；理论力学；热力学与统计物理；量子力学；固体物理学
4班,2017100304,47,物理学,普通物理学；理论力学；热力学与统计物理；量子力学；固体物理学
5班,2017100305,53,物理学,普通物理学；理论力学；热力学与统计物理；量子力学；固体物理学
1班,2018100301,48,物理学,高等数学B；普通物理学；理论力学；热力学与统计物理；量子力学；固体物理学
2班,2018100302,53,物理学,高等数学B；普通物理学；理论力学；热力学与统计物理；量子力学；固体物理学
3班,2018100303,47,物理学,高等数学B；普通物理学；理论力学；热力学与统计物理；量子力学；固体物理学
4班,2018100304,48,物理学,高等数学B；普通物理学；理论力学；热力学与统计物理；量子力学；固体物理学
5班,2018100305,50,物理学,高等数学B；普通物理学；理论力学；热力学与统计物理；量子力学；固体物理学
1班,2019100301,45,物理学,高等数学B；普通物理学；理论力学；热力学与统计物理；量子力学；固体物理学
2班,2019100302,52,物理学,高等数学B；普通物理学；理论力学；热力学与统计物理；量子力学；固体物理学
3班,2019100303,53,物理学,高等数学B；普通物理学；理论力学；热力学与统计物理；量子力学；固体物理学
4班,2019100304,52,物理学,高等数学B；普通物理学；理论力学；热力学与统计物理；量子力学；固体物理学
5班,2019100305,48,物理学,高等数学B；普通物理学；理论力学；热力学与统计物理；量子力学；固体物理学
1班,2016100401,51,应用物理学,高等数学A；概率论与数理统计；普通物理学；理论物理；数学物理方法；原子核物理；结构物理
2班,2016100402,48,应用物理学,高等数学A；概率论与数理统计；普通物理学；理论物理；数学物理方法；原子核物理；结构物理
3班,2016100403,49,应用物理学,高等数学A；概率论与数理统计；普通物理学；理论物理；数学物理方法；原子核物理；结构物理
4班,2016100404,51,应用物理学,高等数学A；概率论与数理统计；普通物理学；理论物理；数学物理方法；原子核物理；结构物理
5班,2016100405,53,应用物理学,高等数学A；概率论与数理统计；普通物理学；理论物理；数学物理方法；原子核物理；结构物理
1班,2017100401,51,应用物理学,高等数学A；概率论与数理统计；普通物理学；理论物理；数学物理方法；原子核物理；结构物理
2班,2017100402,48,应用物理学,高等数学A；概率论与数理统计；普通物理学；理论物理；数学物理方法；原子核物理；结构物理
3班,2017100403,54,应用物理学,高等数学A；概率论与数理统计；普通物理学；理论物理；数学物理方法；原子核物理；结构物理
4班,2017100404,47,应用物理学,高等数学A；概率论与数理统计；普通物理学；理论物理；数学物理方法；原子核物理；结构物理
5班,2017100405,48,应用物理学,高等数学A；概率论与数理统计；普通物理学；理论物理；数学物理方法；原子核物理；结构物理
1班,2018100401,50,应用物理学,高等数学A；概率论与数理统计；普通物理学；理论物理；数学物理方法；原子核物理；结构物理
2班,2018100402,45,应用物理学,高等数学A；概率论与数理统计；普通物理学；理论物理；数学物理方法；原子核物理；结构物理
3班,2018100403,48,应用物理学,高等数学A；概率论与数理统计；普通物理学；理论物理；数学物理方法；原子核物理；结构物理
4班,2018100404,53,应用物理学,高等数学A；概率论与数理统计；普通物理学；理论物理；数学物理方法；原子核物理；结构物理
5班,2018100405,47,应用物理学,高等数学A；概率论与数理统计；普通物理学；理论物理；数学物理方法；原子核物理；结构物理
1班,2019100401,51,应用物理学,高等数学A；线性代数；概率论与数理统计；普通物理学；理论物理；数学物理方法；原子核物理；结构物理；形势与政策；近代史
2班,2019100402,45,应用物理学,高等数学A；线性代数；概率论与数理统计；普通物理学；理论物理；数学物理方法；原子核物理；结构物理；形势与政策；近代史
3班,2019100403,47,应用物理学,高等数学A；线性代数；概率论与数理统计；普通物理学；理论物理；数学物理方法；原子核物理；结构物理；形势与政策；近代史
4班,2019100404,47,应用物理学,高等数学A；线性代数；概率论与数理统计；普通物理学；理论物理；数学物理方法；原子核物理；结构物理；形势与政策；近代史
5班,2019100405,54,应用物理学,高等数学A；线性代数；概率论与数理统计；普通物理学；理论物理；数学物理方法；原子核物理；结构物理；形势与政策；近代史
1班,2016100501,52,声学,大学英语；自然辩证法概论；现代数字信号处理；近；非线性代声学实验声学；固体中声传播理论和应用
2班,2016100502,54,声学,大学英语；自然辩证法概论；现代数字信号处理；近代声学实验；非线性声学；固体中声传播理论和应用
3班,2016100503,54,声学,大学英语；自然辩证法概论；现代数字信号处理；近代声学实验；非线性声学；固体中声传播理论和应用
4班,2016100504,46,声学,大学英语；自然辩证法概论；现代数字信号处理；近代声学实验；非线性声学；固体中声传播理论和应用
5班,2016100505,50,声学,大学英语；自然辩证法概论；现代数字信号处理；近代声学实验；非线性声学；固体中声传播理论和应用
1班,2017100501,52,声学,大学英语；自然辩证法概论；现代数字信号处理；近代声学实验；非线性声学；固体中声传播理论和应用
2班,2017100502,53,声学,大学英语；自然辩证法概论；现代数字信号处理；近代声学实验；非线性声学；固体中声传播理论和应用
3班,2017100503,45,声学,大学英语；自然辩证法概论；现代数字信号处理；近代声学实验；非线性声学；固体中声传播理论和应用
4班,2017100504,48,声学,大学英语；自然辩证法概论；现代数字信号处理；近代声学实验；非线性声学；固体中声传播理论和应用
5班,2017100505,52,声学,大学英语；自然辩证法概论；现代数字信号处理；近代声学实验；非线性声学；固体中声传播理论和应用
1班,2018100501,48,声学,大学英语；自然辩证法概论；现代数字信号处理；近代声学实验；非线性声学；固体中声传播理论和应用
2班,2018100502,49,声学,大学英语；自然辩证法概论；现代数字信号处理；近代声学实验；非线性声学；固体中声传播理论和应用
3班,2018100503,49,声学,大学英语；自然辩证法概论；现代数字信号处理；近代声学实验；非线性声学；固体中声传播理论和应用
4班,2018100504,54,声学,大学英语；自然辩证法概论；现代数字信号处理；近代声学实验；非线性声学；固体中声传播理论和应用
5班,2018100505,53,声学,大学英语；自然辩证法概论；现代数字信号处理；近代声学实验；非线性声学；固体中声传播理论和应用
1班,2019100501,50,声学,大学英语；自然辩证法概论；现代数字信号处理；近代声学实验；非线性声学；固体中声传播理论和应用；近代史；国学经典；形势与政策
2班,2019100502,53,声学,大学英语；自然辩证法概论；现代数字信号处理；近代声学实验；非线性声学；固体中声传播理论和应用；近代史；国学经典；形势与政策
3班,2019100503,52,声学,大学英语；自然辩证法概论；现代数字信号处理；近代声学实验；非线性声学；固体中声传播理论和应用；近代史；国学经典；形势与政策
4班,2019100504,50,声学,大学英语；自然辩证法概论；现代数字信号处理；近代声学实验；非线性声学；固体中声传播理论和应用；近代史；国学经典；形势与政策
5班,2019100505,48,声学,大学英语；自然辩证法概论；现代数字信号处理；近代声学实验；非线性声学；固体中声传播理论和应用；近代史；国学经典；形势与政策
1班,2016100601,54,化学,无机化学；分析化学；有机化学；物理化学；化学工程基础
2班,2016100602,53,化学,无机化学；分析化学；有机化学；物理化学；化学工程基础
3班,2016100603,48,化学,无机化学；分析化学；有机化学；物理化学；化学工程基础
4班,2016100604,51,化学,无机化学；分析化学；有机化学；物理化学；化学工程基础
5班,2016100605,49,化学,无机化学；分析化学；有机化学；物理化学；化学工程基础
1班,2017100601,52,化学,无机化学；分析化学；有机化学；物理化学；化学工程基础
2班,2017100602,51,化学,无机化学；分析化学；有机化学；物理化学；化学工程基础
3班,2017100603,47,化学,无机化学；分析化学；有机化学；物理化学；化学工程基础
4班,2017100604,46,化学,无机化学；分析化学；有机化学；物理化学；化学工程基础
5班,2017100605,45,化学,无机化学；分析化学；有机化学；物理化学；化学工程基础
1班,2018100601,54,化学,无机化学；分析化学；有机化学；物理化学；化学工程基础
2班,2018100602,49,化学,无机化学；分析化学；有机化学；物理化学；化学工程基础
3班,2018100603,45,化学,无机化学；分析化学；有机化学；物理化学；化学工程基础
4班,2018100604,46,化学,无机化学；分析化学；有机化学；物理化学；化学工程基础
5班,2018100605,49,化学,无机化学；分析化学；有机化学；物理化学；化学工程基础
1班,2019100601,51,化学,无机化学；分析化学；有机化学；物理化学；化学工程基础；高等数学B；大学英语
2班,2019100602,46,化学,无机化学；分析化学；有机化学；物理化学；化学工程基础；高等数学B；大学英语
3班,2019100603,46,化学,无机化学；分析化学；有机化学；物理化学；化学工程基础；高等数学B；大学英语
4班,2019100604,52,化学,无机化学；分析化学；有机化学；物理化学；化学工程基础；高等数学B；大学英语
5班,2019100605,53,化学,无机化学；分析化学；有机化学；物理化学；化学工程基础；高等数学B；大学英语
1班,2016100701,45,应用化学,无机化学；分析化学；有机化学；物理化学；化学工程基础；高等数学；结构化学；化工原理
2班,2016100702,47,应用化学,无机化学；分析化学；有机化学；物理化学；化学工程基础；高等数学；结构化学；化工原理
3班,2016100703,46,应用化学,无机化学；分析化学；有机化学；物理化学；化学工程基础；高等数学；结构化学；化工原理
4班,2016100704,49,应用化学,无机化学；分析化学；有机化学；物理化学；化学工程基础；高等数学；结构化学；化工原理
5班,2016100705,45,应用化学,无机化学；分析化学；有机化学；物理化学；化学工程基础；高等数学；结构化学；化工原理
1班,2017100701,53,应用化学,无机化学；分析化学；有机化学；物理化学；化学工程基础；高等数学；结构化学；化工原理
2班,2017100702,53,应用化学,无机化学；分析化学；有机化学；物理化学；化学工程基础；高等数学；结构化学；化工原理
3班,2017100703,48,应用化学,无机化学；分析化学；有机化学；物理化学；化学工程基础；高等数学；结构化学；化工原理
4班,2017100704,52,应用化学,无机化学；分析化学；有机化学；物理化学；化学工程基础；高等数学；结构化学；化工原理
5班,2017100705,49,应用化学,无机化学；分析化学；有机化学；物理化学；化学工程基础；高等数学；结构化学；化工原理
1班,2018100701,47,应用化学,无机化学；分析化学；有机化学；物理化学；化学工程基础；高等数学；结构化学；化工原理；高等数学A；大学英语
2班,2018100702,52,应用化学,无机化学；分析化学；有机化学；物理化学；化学工程基础；高等数学；结构化学；化工原理；高等数学A；大学英语
3班,2018100703,53,应用化学,无机化学；分析化学；有机化学；物理化学；化学工程基础；高等数学；结构化学；化工原理；高等数学A；大学英语
4班,2018100704,46,应用化学,无机化学；分析化学；有机化学；物理化学；化学工程基础；高等数学；结构化学；化工原理；高等数学A；大学英语
5班,2018100705,54,应用化学,无机化学；分析化学；有机化学；物理化学；化学工程基础；高等数学；结构化学；化工原理；高等数学A；大学英语
1班,2019100701,52,应用化学,无机化学；分析化学；有机化学；物理化学；化学工程基础；高等数学；结构化学；化工原理；高等数学A；大学英语；近代史；国学经典；形势与政策
2班,2019100702,51,应用化学,无机化学；分析化学；有机化学；物理化学；化学工程基础；高等数学；结构化学；化工原理；高等数学A；大学英语；近代史；国学经典；形势与政策
3班,2019100703,53,应用化学,无机化学；分析化学；有机化学；物理化学；化学工程基础；高等数学；结构化学；化工原理；高等数学A；大学英语；近代史；国学经典；形势与政策
4班,2019100704,52,应用化学,无机化学；分析化学；有机化学；物理化学；化学工程基础；高等数学；结构化学；化工原理；高等数学A；大学英语；近代史；国学经典；形势与政策
5班,2019100705,52,应用化学,无机化学；分析化学；有机化学；物理化学；化学工程基础；高等数学；结构化学；化工原理；高等数学A；大学英语；近代史；国学经典；形势与政策
1班,2016100801,50,化学生物学,无机化学；分析化学；有机化学；物理化学；结构化学；生物无机化学；仪器分析；分子生物学；高分子化学
2班,2016100802,46,化学生物学,无机化学；分析化学；有机化学；物理化学；结构化学；生物无机化学；仪器分析；分子生物学；高分子化学
3班,2016100803,47,化学生物学,无机化学；分析化学；有机化学；物理化学；结构化学；生物无机化学；仪器分析；分子生物学；高分子化学
4班,2016100804,45,化学生物学,无机化学；分析化学；有机化学；物理化学；结构化学；生物无机化学；仪器分析；分子生物学；高分子化学
5班,2016100805,53,化学生物学,无机化学；分析化学；有机化学；物理化学；结构化学；生物无机化学；仪器分析；分子生物学；高分子化学
1班,2017100801,47,化学生物学,无机化学；分析化学；有机化学；物理化学；结构化学；生物无机化学；仪器分析；分子生物学；高分子化学
2班,2017100802,48,化学生物学,无机化学；分析化学；有机化学；物理化学；结构化学；生物无机化学；仪器分析；分子生物学；高分子化学
3班,2017100803,48,化学生物学,无机化学；分析化学；有机化学；物理化学；结构化学；生物无机化学；仪器分析；分子生物学；高分子化学
4班,2017100804,47,化学生物学,无机化学；分析化学；有机化学；物理化学；结构化学；生物无机化学；仪器分析；分子生物学；高分子化学
5班,2017100805,45,化学生物学,无机化学；分析化学；有机化学；物理化学；结构化学；生物无机化学；仪器分析；分子生物学；高分子化学
1班,2018100801,50,化学生物学,无机化学；分析化学；有机化学；物理化学；结构化学；生物无机化学；仪器分析；分子生物学；高分子化学；大学英语；高等数学A
2班,2018100802,45,化学生物学,无机化学；分析化学；有机化学；物理化学；结构化学；生物无机化学；仪器分析；分子生物学；高分子化学；大学英语；高等数学A
3班,2018100803,49,化学生物学,无机化学；分析化学；有机化学；物理化学；结构化学；生物无机化学；仪器分析；分子生物学；高分子化学；大学英语；高等数学A
4班,2018100804,48,化学生物学,无机化学；分析化学；有机化学；物理化学；结构化学；生物无机化学；仪器分析；分子生物学；高分子化学；大学英语；高等数学A
5班,2018100805,54,化学生物学,无机化学；分析化学；有机化学；物理化学；结构化学；生物无机化学；仪器分析；分子生物学；高分子化学；大学英语；高等数学A
1班,2019100801,47,化学生物学,无机化学；分析化学；有机化学；物理化学；结构化学；生物无机化学；仪器分析；分子生物学；高分子化学；大学英语；高等数学A
2班,2019100802,54,化学生物学,无机化学；分析化学；有机化学；物理化学；结构化学；生物无机化学；仪器分析；分子生物学；高分子化学；大学英语；高等数学A
3班,2019100803,48,化学生物学,无机化学；分析化学；有机化学；物理化学；结构化学；生物无机化学；仪器分析；分子生物学；高分子化学；大学英语；高等数学A
4班,2019100804,52,化学生物学,无机化学；分析化学；有机化学；物理化学；结构化学；生物无机化学；仪器分析；分子生物学；高分子化学；大学英语；高等数学A
5班,2019100805,49,化学生物学,无机化学；分析化学；有机化学；物理化学；结构化学；生物无机化学；仪器分析；分子生物学；高分子化学；大学英语；高等数学A
1班,2016100901,48,分子科学与工程,无机化学；分析化学；有机化学；物理化学；结构化学；高分子化学；药物分析；材料结构分析
2班,2016100902,49,分子科学与工程,无机化学；分析化学；有机化学；物理化学；结构化学；高分子化学；药物分析；材料结构分析
3班,2016100903,48,分子科学与工程,无机化学；分析化学；有机化学；物理化学；结构化学；高分子化学；药物分析；材料结构分析
4班,2016100904,45,分子科学与工程,无机化学；分析化学；有机化学；物理化学；结构化学；高分子化学；药物分析；材料结构分析
5班,2016100905,45,分子科学与工程,无机化学；分析化学；有机化学；物理化学；结构化学；高分子化学；药物分析；材料结构分析
1班,2017100901,49,分子科学与工程,无机化学；分析化学；有机化学；物理化学；结构化学；高分子化学；药物分析；材料结构分析
2班,2017100902,45,分子科学与工程,无机化学；分析化学；有机化学；物理化学；结构化学；高分子化学；药物分析；材料结构分析
3班,2017100903,54,分子科学与工程,无机化学；分析化学；有机化学；物理化学；结构化学；高分子化学；药物分析；材料结构分析
4班,2017100904,46,分子科学与工程,无机化学；分析化学；有机化学；物理化学；结构化学；高分子化学；药物分析；材料结构分析
5班,2017100905,49,分子科学与工程,无机化学；分析化学；有机化学；物理化学；结构化学；高分子化学；药物分析；材料结构分析
1班,2018100901,54,分子科学与工程,无机化学；分析化学；有机化学；物理化学；结构化学；高分子化学；药物分析；材料结构分析；高等数学A；大学英语
2班,2018100902,53,分子科学与工程,无机化学；分析化学；有机化学；物理化学；结构化学；高分子化学；药物分析；材料结构分析；高等数学A；大学英语
3班,2018100903,52,分子科学与工程,无机化学；分析化学；有机化学；物理化学；结构化学；高分子化学；药物分析；材料结构分析；高等数学A；大学英语
4班,2018100904,45,分子科学与工程,无机化学；分析化学；有机化学；物理化学；结构化学；高分子化学；药物分析；材料结构分析；高等数学A；大学英语
5班,2018100905,52,分子科学与工程,无机化学；分析化学；有机化学；物理化学；结构化学；高分子化学；药物分析；材料结构分析；高等数学A；大学英语
1班,2019100901,54,分子科学与工程,无机化学；分析化学；有机化学；物理化学；结构化学；高分子化学；药物分析；材料结构分析；高等数学A；大学英语；形势与政策
2班,2019100902,45,分子科学与工程,无机化学；分析化学；有机化学；物理化学；结构化学；高分子化学；药物分析；材料结构分析；高等数学A；大学英语；形势与政策
3班,2019100903,51,分子科学与工程,无机化学；分析化学；有机化学；物理化学；结构化学；高分子化学；药物分析；材料结构分析；高等数学A；大学英语；形势与政策
4班,2019100904,48,分子科学与工程,无机化学；分析化学；有机化学；物理化学；结构化学；高分子化学；药物分析；材料结构分析；高等数学A；大学英语；形势与政策
5班,2019100905,51,分子科学与工程,无机化学；分析化学；有机化学；物理化学；结构化学；高分子化学；药物分析；材料结构分析；高等数学A；大学英语；形势与政策
1班,2016101001,46,能源化学,物理化学；有机化学；化工热力学；化工原理；化学反应工程；石油加工工程及实验
2班,2016101002,46,能源化学,物理化学；有机化学；化工热力学；化工原理；化学反应工程；石油加工工程及实验
3班,2016101003,49,能源化学,物理化学；有机化学；化工热力学；化工原理；化学反应工程；石油加工工程及实验
4班,2016101004,50,能源化学,物理化学；有机化学；化工热力学；化工原理；化学反应工程；石油加工工程及实验
5班,2016101005,51,能源化学,物理化学；有机化学；化工热力学；化工原理；化学反应工程；石油加工工程及实验
1班,2017101001,53,能源化学,物理化学；有机化学；化工热力学；化工原理；化学反应工程；石油加工工程及实验
2班,2017101002,45,能源化学,物理化学；有机化学；化工热力学；化工原理；化学反应工程；石油加工工程及实验
3班,2017101003,45,能源化学,物理化学；有机化学；化工热力学；化工原理；化学反应工程；石油加工工程及实验
4班,2017101004,53,能源化学,物理化学；有机化学；化工热力学；化工原理；化学反应工程；石油加工工程及实验
5班,2017101005,50,能源化学,物理化学；有机化学；化工热力学；化工原理；化学反应工程；石油加工工程及实验
1班,2018101001,48,能源化学,物理化学；有机化学；化工热力学；化工原理；化学反应工程；石油加工工程及实验；高等数学B；大学英语
2班,2018101002,53,能源化学,物理化学；有机化学；化工热力学；化工原理；化学反应工程；石油加工工程及实验；高等数学B；大学英语
3班,2018101003,45,能源化学,物理化学；有机化学；化工热力学；化工原理；化学反应工程；石油加工工程及实验；高等数学B；大学英语
4班,2018101004,49,能源化学,物理化学；有机化学；化工热力学；化工原理；化学反应工程；石油加工工程及实验；高等数学B；大学英语
5班,2018101005,54,能源化学,物理化学；有机化学；化工热力学；化工原理；化学反应工程；石油加工工程及实验；高等数学B；大学英语
1班,2019101001,49,能源化学,物理化学；有机化学；化工热力学；化工原理；化学反应工程；石油加工工程及实验；高等数学B；大学英语；能源工程概论
2班,2019101002,51,能源化学,物理化学；有机化学；化工热力学；化工原理；化学反应工程；石油加工工程及实验；高等数学B；大学英语；能源工程概论
3班,2019101003,47,能源化学,物理化学；有机化学；化工热力学；化工原理；化学反应工程；石油加工工程及实验；高等数学B；大学英语；能源工程概论
4班,2019101004,48,能源化学,物理化学；有机化学；化工热力学；化工原理；化学反应工程；石油加工工程及实验；高等数学B；大学英语；能源工程概论
5班,2019101005,54,能源化学,物理化学；有机化学；化工热力学；化工原理；化学反应工程；石油加工工程及实验；高等数学B；大学英语；能源工程概论
1班,2016101101,54,天文学,高等数学B；大学物理B2；理论力学；数学物理方法；普通天文学；实体天体物理；计算天文学入门
2班,2016101102,54,天文学,高等数学B；大学物理B3；理论力学；数学物理方法；普通天文学；实体天体物理；计算天文学入门
3班,2016101103,51,天文学,高等数学B；大学物理B4；理论力学；数学物理方法；普通天文学；实体天体物理；计算天文学入门
4班,2016101104,54,天文学,高等数学B；大学物理B5；理论力学；数学物理方法；普通天文学；实体天体物理；计算天文学入门
5班,2016101105,54,天文学,高等数学B；大学物理B6；理论力学；数学物理方法；普通天文学；实体天体物理；计算天文学入门
1班,2017101101,49,天文学,高等数学B；大学物理B7；理论力学；数学物理方法；普通天文学；实体天体物理；计算天文学入门
2班,2017101102,50,天文学,高等数学B；大学物理B8；理论力学；数学物理方法；普通天文学；实体天体物理；计算天文学入门
3班,2017101103,52,天文学,高等数学B；大学物理B9；理论力学；数学物理方法；普通天文学；实体天体物理；计算天文学入门
4班,2017101104,45,天文学,高等数学B；大学物理B10；理论力学；数学物理方法；普通天文学；实体天体物理；计算天文学入门
5班,2017101105,45,天文学,高等数学B；大学物理B11；理论力学；数学物理方法；普通天文学；实体天体物理；计算天文学入门
1班,2018101101,50,天文学,高等数学B；大学物理B12；理论力学；数学物理方法；普通天文学；实体天体物理；计算天文学入门
2班,2018101102,52,天文学,高等数学B；大学物理B13；理论力学；数学物理方法；普通天文学；实体天体物理；计算天文学入门
3班,2018101103,45,天文学,高等数学B；大学物理B14；理论力学；数学物理方法；普通天文学；实体天体物理；计算天文学入门
4班,2018101104,53,天文学,高等数学B；大学物理B15；理论力学；数学物理方法；普通天文学；实体天体物理；计算天文学入门
5班,2018101105,52,天文学,高等数学B；大学物理B16；理论力学；数学物理方法；普通天文学；实体天体物理；计算天文学入门
1班,2019101101,50,天文学,高等数学B；大学物理B17；理论力学；数学物理方法；普通天文学；实体天体物理；计算天文学入门
2班,2019101102,46,天文学,高等数学B；大学物理B18；理论力学；数学物理方法；普通天文学；实体天体物理；计算天文学入门
3班,2019101103,47,天文学,高等数学B；大学物理B19；理论力学；数学物理方法；普通天文学；实体天体物理；计算天文学入门
4班,2019101104,48,天文学,高等数学B；大学物理B20；理论力学；数学物理方法；普通天文学；实体天体物理；计算天文学入门
5班,2019101105,49,天文学,高等数学B；大学物理B21；理论力学；数学物理方法；普通天文学；实体天体物理；计算天文学入门
1班,2016101201,50,地理科学,地图与遥感；自然地理学；人文地理学；中国地理；世界地理；区域分析与规划；地理教学论
2班,2016101202,48,地理科学,地图与遥感；自然地理学；人文地理学；中国地理；世界地理；区域分析与规划；地理教学论
3班,2016101203,53,地理科学,地图与遥感；自然地理学；人文地理学；中国地理；世界地理；区域分析与规划；地理教学论
4班,2016101204,47,地理科学,地图与遥感；自然地理学；人文地理学；中国地理；世界地理；区域分析与规划；地理教学论
5班,2016101205,50,地理科学,地图与遥感；自然地理学；人文地理学；中国地理；世界地理；区域分析与规划；地理教学论
1班,2017101201,48,地理科学,地图与遥感；自然地理学；人文地理学；中国地理；世界地理；区域分析与规划；地理教学论
2班,2017101202,49,地理科学,地图与遥感；自然地理学；人文地理学；中国地理；世界地理；区域分析与规划；地理教学论
3班,2017101203,49,地理科学,地图与遥感；自然地理学；人文地理学；中国地理；世界地理；区域分析与规划；地理教学论
4班,2017101204,49,地理科学,地图与遥感；自然地理学；人文地理学；中国地理；世界地理；区域分析与规划；地理教学论
5班,2017101205,54,地理科学,地图与遥感；自然地理学；人文地理学；中国地理；世界地理；区域分析与规划；地理教学论
1班,2018101201,45,地理科学,地图与遥感；自然地理学；人文地理学；中国地理；世界地理；区域分析与规划；地理教学论
2班,2018101202,51,地理科学,地图与遥感；自然地理学；人文地理学；中国地理；世界地理；区域分析与规划；地理教学论
3班,2018101203,54,地理科学,地图与遥感；自然地理学；人文地理学；中国地理；世界地理；区域分析与规划；地理教学论
4班,2018101204,48,地理科学,地图与遥感；自然地理学；人文地理学；中国地理；世界地理；区域分析与规划；地理教学论
5班,2018101205,50,地理科学,地图与遥感；自然地理学；人文地理学；中国地理；世界地理；区域分析与规划；地理教学论
1班,2019101201,54,地理科学,地图与遥感；自然地理学；人文地理学；中国地理；世界地理；区域分析与规划；地理教学论；高等数学B
2班,2019101202,48,地理科学,地图与遥感；自然地理学；人文地理学；中国地理；世界地理；区域分析与规划；地理教学论；高等数学B
3班,2019101203,50,地理科学,地图与遥感；自然地理学；人文地理学；中国地理；世界地理；区域分析与规划；地理教学论；高等数学B
4班,2019101204,50,地理科学,地图与遥感；自然地理学；人文地理学；中国地理；世界地理；区域分析与规划；地理教学论；高等数学B
5班,2019101205,46,地理科学,地图与遥感；自然地理学；人文地理学；中国地理；世界地理；区域分析与规划；地理教学论；高等数学B
1班,2016101301,54,自然地理与资源环境,地质学A；自然地理学；遥感应用；环境科学；土地评价；遥感与数字图像处理
2班,2016101302,48,自然地理与资源环境,地质学A；自然地理学；遥感应用；环境科学；土地评价；遥感与数字图像处理
3班,2016101303,47,自然地理与资源环境,地质学A；自然地理学；遥感应用；环境科学；土地评价；遥感与数字图像处理
4班,2016101304,53,自然地理与资源环境,地质学A；自然地理学；遥感应用；环境科学；土地评价；遥感与数字图像处理
5班,2016101305,46,自然地理与资源环境,地质学A；自然地理学；遥感应用；环境科学；土地评价；遥感与数字图像处理
1班,2017101301,47,自然地理与资源环境,地质学A；自然地理学；遥感应用；环境科学；土地评价；遥感与数字图像处理
2班,2017101302,52,自然地理与资源环境,地质学A；自然地理学；遥感应用；环境科学；土地评价；遥感与数字图像处理
3班,2017101303,54,自然地理与资源环境,地质学A；自然地理学；遥感应用；环境科学；土地评价；遥感与数字图像处理
4班,2017101304,46,自然地理与资源环境,地质学A；自然地理学；遥感应用；环境科学；土地评价；遥感与数字图像处理
5班,2017101305,47,自然地理与资源环境,地质学A；自然地理学；遥感应用；环境科学；土地评价；遥感与数字图像处理
1班,2018101301,53,自然地理与资源环境,地质学B2；自然地理学；遥感应用；环境科学；土地评价；遥感与数字图像处理；高等数学B
2班,2018101302,47,自然地理与资源环境,地质学B2；自然地理学；遥感应用；环境科学；土地评价；遥感与数字图像处理；高等数学B
3班,2018101303,52,自然地理与资源环境,地质学B2；自然地理学；遥感应用；环境科学；土地评价；遥感与数字图像处理；高等数学B
4班,2018101304,50,自然地理与资源环境,地质学B2；自然地理学；遥感应用；环境科学；土地评价；遥感与数字图像处理；高等数学B
5班,2018101305,51,自然地理与资源环境,地质学B2；自然地理学；遥感应用；环境科学；土地评价；遥感与数字图像处理；高等数学B
1班,2019101301,45,自然地理与资源环境,地质学B1；自然地理学；遥感应用；环境科学；土地评价；遥感与数字图像处理；高等数学B
2班,2019101302,53,自然地理与资源环境,地质学B1；自然地理学；遥感应用；环境科学；土地评价；遥感与数字图像处理；高等数学B
3班,2019101303,49,自然地理与资源环境,地质学B1；自然地理学；遥感应用；环境科学；土地评价；遥感与数字图像处理；高等数学B
4班,2019101304,46,自然地理与资源环境,地质学B1；自然地理学；遥感应用；环境科学；土地评价；遥感与数字图像处理；高等数学B
5班,2019101305,45,自然地理与资源环境,地质学B1；自然地理学；遥感应用；环境科学；土地评价；遥感与数字图像处理；高等数学B
1班,2016101401,49,地理信息科学,自然地理学；人文地理学；地图学；遥感技术；数据库技术；地理信息系统原理
2班,2016101402,49,地理信息科学,自然地理学；人文地理学；地图学；遥感技术；数据库技术；地理信息系统原理
3班,2016101403,49,地理信息科学,自然地理学；人文地理学；地图学；遥感技术；数据库技术；地理信息系统原理
4班,2016101404,52,地理信息科学,自然地理学；人文地理学；地图学；遥感技术；数据库技术；地理信息系统原理
5班,2016101405,54,地理信息科学,自然地理学；人文地理学；地图学；遥感技术；数据库技术；地理信息系统原理
1班,2017101401,50,地理信息科学,自然地理学；人文地理学；地图学；遥感技术；数据库技术；地理信息系统原理
2班,2017101402,47,地理信息科学,自然地理学；人文地理学；地图学；遥感技术；数据库技术；地理信息系统原理
3班,2017101403,45,地理信息科学,自然地理学；人文地理学；地图学；遥感技术；数据库技术；地理信息系统原理
4班,2017101404,54,地理信息科学,自然地理学；人文地理学；地图学；遥感技术；数据库技术；地理信息系统原理
5班,2017101405,45,地理信息科学,自然地理学；人文地理学；地图学；遥感技术；数据库技术；地理信息系统原理
1班,2018101401,53,地理信息科学,自然地理学；人文地理学；地图学；遥感技术；数据库技术；地理信息系统原理；高等数学B；线性代数；大学英语
2班,2018101402,50,地理信息科学,自然地理学；人文地理学；地图学；遥感技术；数据库技术；地理信息系统原理；高等数学B；线性代数；大学英语
3班,2018101403,46,地理信息科学,自然地理学；人文地理学；地图学；遥感技术；数据库技术；地理信息系统原理；高等数学B；线性代数；大学英语
4班,2018101404,45,地理信息科学,自然地理学；人文地理学；地图学；遥感技术；数据库技术；地理信息系统原理；高等数学B；线性代数；大学英语
5班,2018101405,54,地理信息科学,自然地理学；人文地理学；地图学；遥感技术；数据库技术；地理信息系统原理；高等数学B；线性代数；大学英语
1班,2019101401,46,地理信息科学,自然地理学；人文地理学；地图学；遥感技术；数据库技术；地理信息系统原理；高等数学B；线性代数；大学英语
2班,2019101402,53,地理信息科学,自然地理学；人文地理学；地图学；遥感技术；数据库技术；地理信息系统原理；高等数学B；线性代数；大学英语
3班,2019101403,51,地理信息科学,自然地理学；人文地理学；地图学；遥感技术；数据库技术；地理信息系统原理；高等数学B；线性代数；大学英语
4班,2019101404,52,地理信息科学,自然地理学；人文地理学；地图学；遥感技术；数据库技术；地理信息系统原理；高等数学B；线性代数；大学英语
5班,2019101405,46,地理信息科学,自然地理学；人文地理学；地图学；遥感技术；数据库技术；地理信息系统原理；高等数学B；线性代数；大学英语
1班,2016101501,47,大气科学,高等数学A；大气科学概论B2；大气物理学；大气探测学；天气学；大气动力学基础；近代气候学基础
2班,2016101502,48,大气科学,高等数学A；大气科学概论B2；大气物理学；大气探测学；天气学；大气动力学基础；近代气候学基础
3班,2016101503,52,大气科学,高等数学A；大气科学概论B2；大气物理学；大气探测学；天气学；大气动力学基础；近代气候学基础
4班,2016101504,48,大气科学,高等数学A；大气科学概论B2；大气物理学；大气探测学；天气学；大气动力学基础；近代气候学基础
5班,2016101505,46,大气科学,高等数学A；大气科学概论B2；大气物理学；大气探测学；天气学；大气动力学基础；近代气候学基础
1班,2017101501,51,大气科学,高等数学A；大气科学概论B2；大气物理学；大气探测学；天气学；大气动力学基础；近代气候学基础
2班,2017101502,47,大气科学,高等数学A；大气科学概论B2；大气物理学；大气探测学；天气学；大气动力学基础；近代气候学基础
3班,2017101503,47,大气科学,高等数学A；大气科学概论B2；大气物理学；大气探测学；天气学；大气动力学基础；近代气候学基础
4班,2017101504,48,大气科学,高等数学A；大气科学概论B2；大气物理学；大气探测学；天气学；大气动力学基础；近代气候学基础
5班,2017101505,46,大气科学,高等数学A；大气科学概论B2；大气物理学；大气探测学；天气学；大气动力学基础；近代气候学基础
1班,2018101501,53,大气科学,高等数学A；大气科学概论B2；大气物理学；大气探测学；天气学；大气动力学基础；近代气候学基础
2班,2018101502,52,大气科学,高等数学A；大气科学概论B2；大气物理学；大气探测学；天气学；大气动力学基础；近代气候学基础
3班,2018101503,46,大气科学,高等数学A；大气科学概论B2；大气物理学；大气探测学；天气学；大气动力学基础；近代气候学基础
4班,2018101504,45,大气科学,高等数学A；大气科学概论B2；大气物理学；大气探测学；天气学；大气动力学基础；近代气候学基础
5班,2018101505,48,大气科学,高等数学A；大气科学概论B2；大气物理学；大气探测学；天气学；大气动力学基础；近代气候学基础
1班,2019101501,51,大气科学,高等数学B；大气科学概论A；大气物理学；大气探测学；天气学；大学英语
2班,2019101502,51,大气科学,高等数学B；大气科学概论A；大气物理学；大气探测学；天气学；大学英语
3班,2019101503,47,大气科学,高等数学B；大气科学概论A；大气物理学；大气探测学；天气学；大学英语
4班,2019101504,50,大气科学,高等数学B；大气科学概论A；大气物理学；大气探测学；天气学；大学英语
5班,2019101505,51,大气科学,高等数学B；大气科学概论A；大气物理学；大气探测学；天气学；大学英语
1班,2016101601,49,应用气象学,大气物理学；大气探测学；天气学原理；气象信息服务；应用气象学方法；气候资源学；生态学
2班,2016101602,50,应用气象学,大气物理学；大气探测学；天气学原理；气象信息服务；应用气象学方法；气候资源学；生态学
3班,2016101603,47,应用气象学,大气物理学；大气探测学；天气学原理；气象信息服务；应用气象学方法；气候资源学；生态学
4班,2016101604,50,应用气象学,大气物理学；大气探测学；天气学原理；气象信息服务；应用气象学方法；气候资源学；生态学
5班,2016101605,53,应用气象学,大气物理学；大气探测学；天气学原理；气象信息服务；应用气象学方法；气候资源学；生态学
1班,2017101601,48,应用气象学,大气物理学；大气探测学；天气学原理；气象信息服务；应用气象学方法；气候资源学；生态学；高等数学B
2班,2017101602,49,应用气象学,大气物理学；大气探测学；天气学原理；气象信息服务；应用气象学方法；气候资源学；生态学；高等数学B
3班,2017101603,53,应用气象学,大气物理学；大气探测学；天气学原理；气象信息服务；应用气象学方法；气候资源学；生态学；高等数学B
4班,2017101604,47,应用气象学,大气物理学；大气探测学；天气学原理；气象信息服务；应用气象学方法；气候资源学；生态学；高等数学B
5班,2017101605,47,应用气象学,大气物理学；大气探测学；天气学原理；气象信息服务；应用气象学方法；气候资源学；生态学；高等数学B
1班,2018101601,45,应用气象学,大气物理学；大气探测学；天气学原理；气象信息服务；应用气象学方法；气候资源学；生态学；高等数学B
2班,2018101602,54,应用气象学,大气物理学；大气探测学；天气学原理；气象信息服务；应用气象学方法；气候资源学；生态学；高等数学B
3班,2018101603,51,应用气象学,大气物理学；大气探测学；天气学原理；气象信息服务；应用气象学方法；气候资源学；生态学；高等数学B
4班,2018101604,54,应用气象学,大气物理学；大气探测学；天气学原理；气象信息服务；应用气象学方法；气候资源学；生态学；高等数学B
5班,2018101605,52,应用气象学,大气物理学；大气探测学；天气学原理；气象信息服务；应用气象学方法；气候资源学；生态学；高等数学B
1班,2019101601,46,应用气象学,大气物理学；大气探测学；天气学原理；气象信息服务；应用气象学方法；气候资源学；生态学；高等数学B
2班,2019101602,52,应用气象学,大气物理学；大气探测学；天气学原理；气象信息服务；应用气象学方法；气候资源学；生态学；高等数学B
3班,2019101603,51,应用气象学,大气物理学；大气探测学；天气学原理；气象信息服务；应用气象学方法；气候资源学；生态学；高等数学B
4班,2019101604,45,应用气象学,大气物理学；大气探测学；天气学原理；气象信息服务；应用气象学方法；气候资源学；生态学；高等数学B
5班,2019101605,53,应用气象学,大气物理学；大气探测学；天气学原理；气象信息服务；应用气象学方法；气候资源学；生态学；高等数学B
1班,2016101701,50,海洋科学,大学物理及实验；大学化学及实验；海洋科学导论；生物海洋学；海洋地质学；海洋调查与观测技术
2班,2016101702,52,海洋科学,大学物理及实验；大学化学及实验；海洋科学导论；生物海洋学；海洋地质学；海洋调查与观测技术
3班,2016101703,49,海洋科学,大学物理及实验；大学化学及实验；海洋科学导论；生物海洋学；海洋地质学；海洋调查与观测技术
4班,2016101704,51,海洋科学,大学物理及实验；大学化学及实验；海洋科学导论；生物海洋学；海洋地质学；海洋调查与观测技术
5班,2016101705,48,海洋科学,大学物理及实验；大学化学及实验；海洋科学导论；生物海洋学；海洋地质学；海洋调查与观测技术
1班,2017101701,54,海洋科学,大学物理及实验；大学化学及实验；海洋科学导论；生物海洋学；海洋地质学；海洋调查与观测技术
2班,2017101702,53,海洋科学,大学物理及实验；大学化学及实验；海洋科学导论；生物海洋学；海洋地质学；海洋调查与观测技术
3班,2017101703,48,海洋科学,大学物理及实验；大学化学及实验；海洋科学导论；生物海洋学；海洋地质学；海洋调查与观测技术
4班,2017101704,50,海洋科学,大学物理及实验；大学化学及实验；海洋科学导论；生物海洋学；海洋地质学；海洋调查与观测技术
5班,2017101705,45,海洋科学,大学物理及实验；大学化学及实验；海洋科学导论；生物海洋学；海洋地质学；海洋调查与观测技术
1班,2018101701,46,海洋科学,高等数学B；大学英语；大学物理及实验；大学化学及实验；海洋科学导论；生物海洋学；海洋地质学；海洋调查与观测技术
2班,2018101702,53,海洋科学,高等数学B；大学英语；大学物理及实验；大学化学及实验；海洋科学导论；生物海洋学；海洋地质学；海洋调查与观测技术
3班,2018101703,45,海洋科学,高等数学B；大学英语；大学物理及实验；大学化学及实验；海洋科学导论；生物海洋学；海洋地质学；海洋调查与观测技术
4班,2018101704,46,海洋科学,高等数学B；大学英语；大学物理及实验；大学化学及实验；海洋科学导论；生物海洋学；海洋地质学；海洋调查与观测技术
5班,2018101705,52,海洋科学,高等数学B；大学英语；大学物理及实验；大学化学及实验；海洋科学导论；生物海洋学；海洋地质学；海洋调查与观测技术
1班,2019101701,51,海洋科学,高等数学B；大学英语；大学物理及实验；大学化学及实验；海洋科学导论；生物海洋学；海洋地质学；海洋调查与观测技术
2班,2019101702,48,海洋科学,高等数学B；大学英语；大学物理及实验；大学化学及实验；海洋科学导论；生物海洋学；海洋地质学；海洋调查与观测技术
3班,2019101703,49,海洋科学,高等数学B；大学英语；大学物理及实验；大学化学及实验；海洋科学导论；生物海洋学；海洋地质学；海洋调查与观测技术
4班,2019101704,49,海洋科学,高等数学B；大学英语；大学物理及实验；大学化学及实验；海洋科学导论；生物海洋学；海洋地质学；海洋调查与观测技术
5班,2019101705,49,海洋科学,高等数学B；大学英语；大学物理及实验；大学化学及实验；海洋科学导论；生物海洋学；海洋地质学；海洋调查与观测技术
1班,2016101801,46,海洋技术,高等数学B；VB程序设计；大学英语；海洋科学导论；海洋地质学；卫星定位与导航；海洋管理信息系统
2班,2016101802,52,海洋技术,高等数学B；VB程序设计；大学英语；海洋科学导论；海洋地质学；卫星定位与导航；海洋管理信息系统
3班,2016101803,45,海洋技术,高等数学B；VB程序设计；大学英语；海洋科学导论；海洋地质学；卫星定位与导航；海洋管理信息系统
4班,2016101804,51,海洋技术,高等数学B；VB程序设计；大学英语；海洋科学导论；海洋地质学；卫星定位与导航；海洋管理信息系统
5班,2016101805,49,海洋技术,高等数学B；VB程序设计；大学英语；海洋科学导论；海洋地质学；卫星定位与导航；海洋管理信息系统
1班,2017101801,45,海洋技术,高等数学B；VB程序设计；大学英语；海洋科学导论；海洋地质学；卫星定位与导航；海洋管理信息系统
2班,2017101802,45,海洋技术,高等数学B；VB程序设计；大学英语；海洋科学导论；海洋地质学；卫星定位与导航；海洋管理信息系统
3班,2017101803,53,海洋技术,高等数学B；VB程序设计；大学英语；海洋科学导论；海洋地质学；卫星定位与导航；海洋管理信息系统
4班,2017101804,52,海洋技术,高等数学B；VB程序设计；大学英语；海洋科学导论；海洋地质学；卫星定位与导航；海洋管理信息系统
5班,2017101805,46,海洋技术,高等数学B；VB程序设计；大学英语；海洋科学导论；海洋地质学；卫星定位与导航；海洋管理信息系统
1班,2018101801,51,海洋技术,高等数学B；VB程序设计；大学英语；海洋科学导论；海洋地质学；卫星定位与导航；海洋管理信息系统
2班,2018101802,51,海洋技术,高等数学B；VB程序设计；大学英语；海洋科学导论；海洋地质学；卫星定位与导航；海洋管理信息系统
3班,2018101803,48,海洋技术,高等数学B；VB程序设计；大学英语；海洋科学导论；海洋地质学；卫星定位与导航；海洋管理信息系统
4班,2018101804,51,海洋技术,高等数学B；VB程序设计；大学英语；海洋科学导论；海洋地质学；卫星定位与导航；海洋管理信息系统
5班,2018101805,51,海洋技术,高等数学B；VB程序设计；大学英语；海洋科学导论；海洋地质学；卫星定位与导航；海洋管理信息系统
1班,2019101801,46,海洋技术,高等数学B；VB程序设计；大学英语；海洋科学导论；海洋地质学；卫星定位与导航；海洋管理信息系统
2班,2019101802,53,海洋技术,高等数学B；VB程序设计；大学英语；海洋科学导论；海洋地质学；卫星定位与导航；海洋管理信息系统
3班,2019101803,51,海洋技术,高等数学B；VB程序设计；大学英语；海洋科学导论；海洋地质学；卫星定位与导航；海洋管理信息系统
4班,2019101804,50,海洋技术,高等数学B；VB程序设计；大学英语；海洋科学导论；海洋地质学；卫星定位与导航；海洋管理信息系统
5班,2019101805,52,海洋技术,高等数学B；VB程序设计；大学英语；海洋科学导论；海洋地质学；卫星定位与导航；海洋管理信息系统
1班,2016101901,49,军事海洋学,海洋物理学；海洋地质学；大学英语；军事海洋学；流体力学
2班,2016101902,50,军事海洋学,海洋物理学；海洋地质学；大学英语；军事海洋学；流体力学
3班,2016101903,51,军事海洋学,海洋物理学；海洋地质学；大学英语；军事海洋学；流体力学
4班,2016101904,53,军事海洋学,海洋物理学；海洋地质学；大学英语；军事海洋学；流体力学
5班,2016101905,45,军事海洋学,海洋物理学；海洋地质学；大学英语；军事海洋学；流体力学
1班,2017101901,45,军事海洋学,海洋物理学；海洋地质学；大学英语；军事海洋学；流体力学
2班,2017101902,51,军事海洋学,海洋物理学；海洋地质学；大学英语；军事海洋学；流体力学
3班,2017101903,53,军事海洋学,海洋物理学；海洋地质学；大学英语；军事海洋学；流体力学
4班,2017101904,48,军事海洋学,海洋物理学；海洋地质学；大学英语；军事海洋学；流体力学
5班,2017101905,45,军事海洋学,海洋物理学；海洋地质学；大学英语；军事海洋学；流体力学
1班,2018101901,46,军事海洋学,高等数学B；大学英语；海洋物理学；海洋地质学；大学英语；军事海洋学；流体力学
2班,2018101902,46,军事海洋学,高等数学B；大学英语；海洋物理学；海洋地质学；大学英语；军事海洋学；流体力学
3班,2018101903,48,军事海洋学,高等数学B；大学英语；海洋物理学；海洋地质学；大学英语；军事海洋学；流体力学
4班,2018101904,50,军事海洋学,高等数学B；大学英语；海洋物理学；海洋地质学；大学英语；军事海洋学；流体力学
5班,2018101905,46,军事海洋学,高等数学B；大学英语；海洋物理学；海洋地质学；大学英语；军事海洋学；流体力学
1班,2019101901,48,军事海洋学,高等数学B；大学英语；海洋物理学；海洋地质学；大学英语；军事海洋学；流体力学
2班,2019101902,47,军事海洋学,高等数学B；大学英语；海洋物理学；海洋地质学；大学英语；军事海洋学；流体力学
3班,2019101903,48,军事海洋学,高等数学B；大学英语；海洋物理学；海洋地质学；大学英语；军事海洋学；流体力学
4班,2019101904,54,军事海洋学,高等数学B；大学英语；海洋物理学；海洋地质学；大学英语；军事海洋学；流体力学
5班,2019101905,50,军事海洋学,高等数学B；大学英语；海洋物理学；海洋地质学；大学英语；军事海洋学；流体力学
1班,2016102001,52,地质学,地质学；结晶矿物学；古生物学；岩石学；构造地质学；矿床学；地球化学；遥感技术
2班,2016102002,50,地质学,地质学；结晶矿物学；古生物学；岩石学；构造地质学；矿床学；地球化学；遥感技术
3班,2016102003,54,地质学,地质学；结晶矿物学；古生物学；岩石学；构造地质学；矿床学；地球化学；遥感技术
4班,2016102004,48,地质学,地质学；结晶矿物学；古生物学；岩石学；构造地质学；矿床学；地球化学；遥感技术
5班,2016102005,47,地质学,地质学；结晶矿物学；古生物学；岩石学；构造地质学；矿床学；地球化学；遥感技术
1班,2017102001,52,地质学,地质学C；结晶矿物学；古生物学；岩石学；构造地质学；矿床学；地球化学；遥感技术
2班,2017102002,47,地质学,地质学C；结晶矿物学；古生物学；岩石学；构造地质学；矿床学；地球化学；遥感技术
3班,2017102003,53,地质学,地质学C；结晶矿物学；古生物学；岩石学；构造地质学；矿床学；地球化学；遥感技术
4班,2017102004,52,地质学,地质学C；结晶矿物学；古生物学；岩石学；构造地质学；矿床学；地球化学；遥感技术
5班,2017102005,54,地质学,地质学C；结晶矿物学；古生物学；岩石学；构造地质学；矿床学；地球化学；遥感技术
1班,2018102001,49,地质学,地质学B2；结晶矿物学；古生物学；岩石学；构造地质学；矿床学；地球化学；遥感技术；高等数学A；大学英语；地史学
2班,2018102002,54,地质学,地质学B2；结晶矿物学；古生物学；岩石学；构造地质学；矿床学；地球化学；遥感技术；高等数学A；大学英语；地史学
3班,2018102003,51,地质学,地质学B2；结晶矿物学；古生物学；岩石学；构造地质学；矿床学；地球化学；遥感技术；高等数学A；大学英语；地史学
4班,2018102004,49,地质学,地质学B2；结晶矿物学；古生物学；岩石学；构造地质学；矿床学；地球化学；遥感技术；高等数学A；大学英语；地史学
5班,2018102005,50,地质学,地质学B2；结晶矿物学；古生物学；岩石学；构造地质学；矿床学；地球化学；遥感技术；高等数学A；大学英语；地史学
1班,2019102001,54,地质学,地质学B1；结晶矿物学；古生物学；岩石学；构造地质学；矿床学；地球化学；遥感技术；高等数学A；大学英语；地史学
2班,2019102002,47,地质学,地质学B1；结晶矿物学；古生物学；岩石学；构造地质学；矿床学；地球化学；遥感技术；高等数学A；大学英语；地史学
3班,2019102003,49,地质学,地质学B1；结晶矿物学；古生物学；岩石学；构造地质学；矿床学；地球化学；遥感技术；高等数学A；大学英语；地史学
4班,2019102004,49,地质学,地质学B1；结晶矿物学；古生物学；岩石学；构造地质学；矿床学；地球化学；遥感技术；高等数学A；大学英语；地史学
5班,2019102005,54,地质学,地质学B1；结晶矿物学；古生物学；岩石学；构造地质学；矿床学；地球化学；遥感技术；高等数学A；大学英语；地史学
1班,2016102101,45,古生物学,植物生物学；动物生物学；生物化学；构造地质学；古生物学
2班,2016102102,53,古生物学,植物生物学；动物生物学；生物化学；构造地质学；古生物学
3班,2016102103,54,古生物学,植物生物学；动物生物学；生物化学；构造地质学；古生物学
4班,2016102104,51,古生物学,植物生物学；动物生物学；生物化学；构造地质学；古生物学
5班,2016102105,51,古生物学,植物生物学；动物生物学；生物化学；构造地质学；古生物学
1班,2017102101,48,古生物学,植物生物学；动物生物学；生物化学；构造地质学；古生物学
2班,2017102102,51,古生物学,植物生物学；动物生物学；生物化学；构造地质学；古生物学
3班,2017102103,51,古生物学,植物生物学；动物生物学；生物化学；构造地质学；古生物学
4班,2017102104,46,古生物学,植物生物学；动物生物学；生物化学；构造地质学；古生物学
5班,2017102105,45,古生物学,植物生物学；动物生物学；生物化学；构造地质学；古生物学
1班,2018102101,52,古生物学,植物生物学；动物生物学；生物化学；构造地质学；古生物学
2班,2018102102,47,古生物学,植物生物学；动物生物学；生物化学；构造地质学；古生物学
3班,2018102103,49,古生物学,植物生物学；动物生物学；生物化学；构造地质学；古生物学
4班,2018102104,53,古生物学,植物生物学；动物生物学；生物化学；构造地质学；古生物学
5班,2018102105,49,古生物学,植物生物学；动物生物学；生物化学；构造地质学；古生物学
1班,2019102101,54,古生物学,植物生物学；动物生物学；生物化学；构造地质学；古生物学；高等数学B；大学英语；近代史；国学经典
2班,2019102102,52,古生物学,植物生物学；动物生物学；生物化学；构造地质学；古生物学；高等数学B；大学英语；近代史；国学经典
3班,2019102103,45,古生物学,植物生物学；动物生物学；生物化学；构造地质学；古生物学；高等数学B；大学英语；近代史；国学经典
4班,2019102104,51,古生物学,植物生物学；动物生物学；生物化学；构造地质学；古生物学；高等数学B；大学英语；近代史；国学经典
5班,2019102105,52,古生物学,植物生物学；动物生物学；生物化学；构造地质学；古生物学；高等数学B；大学英语；近代史；国学经典
1班,2016102201,47,生物科学,动物生物学；植物生物学；微生物学；生物化学；细胞生物学；遗传学；神经生物学；分子生物学
2班,2016102202,47,生物科学,动物生物学；植物生物学；微生物学；生物化学；细胞生物学；遗传学；神经生物学；分子生物学
3班,2016102203,53,生物科学,动物生物学；植物生物学；微生物学；生物化学；细胞生物学；遗传学；神经生物学；分子生物学
4班,2016102204,52,生物科学,动物生物学；植物生物学；微生物学；生物化学；细胞生物学；遗传学；神经生物学；分子生物学
5班,2016102205,51,生物科学,动物生物学；植物生物学；微生物学；生物化学；细胞生物学；遗传学；神经生物学；分子生物学
1班,2017102201,45,生物科学,动物生物学；植物生物学；微生物学；生物化学；细胞生物学；遗传学；神经生物学；分子生物学
2班,2017102202,51,生物科学,动物生物学；植物生物学；微生物学；生物化学；细胞生物学；遗传学；神经生物学；分子生物学
3班,2017102203,50,生物科学,动物生物学；植物生物学；微生物学；生物化学；细胞生物学；遗传学；神经生物学；分子生物学
4班,2017102204,45,生物科学,动物生物学；植物生物学；微生物学；生物化学；细胞生物学；遗传学；神经生物学；分子生物学
5班,2017102205,45,生物科学,动物生物学；植物生物学；微生物学；生物化学；细胞生物学；遗传学；神经生物学；分子生物学
1班,2018102201,53,生物科学,动物生物学；植物生物学；微生物学；生物化学；细胞生物学；遗传学；神经生物学；分子生物学；大学英语；高等数学B
2班,2018102202,45,生物科学,动物生物学；植物生物学；微生物学；生物化学；细胞生物学；遗传学；神经生物学；分子生物学；大学英语；高等数学B
3班,2018102203,45,生物科学,动物生物学；植物生物学；微生物学；生物化学；细胞生物学；遗传学；神经生物学；分子生物学；大学英语；高等数学B
4班,2018102204,50,生物科学,动物生物学；植物生物学；微生物学；生物化学；细胞生物学；遗传学；神经生物学；分子生物学；大学英语；高等数学B
5班,2018102205,47,生物科学,动物生物学；植物生物学；微生物学；生物化学；细胞生物学；遗传学；神经生物学；分子生物学；大学英语；高等数学B
1班,2019102201,51,生物科学,动物生物学；植物生物学；微生物学；生物化学；细胞生物学；遗传学；神经生物学；分子生物学；大学英语；高等数学B；近代史
2班,2019102202,53,生物科学,动物生物学；植物生物学；微生物学；生物化学；细胞生物学；遗传学；神经生物学；分子生物学；大学英语；高等数学B；近代史
3班,2019102203,49,生物科学,动物生物学；植物生物学；微生物学；生物化学；细胞生物学；遗传学；神经生物学；分子生物学；大学英语；高等数学B；近代史
4班,2019102204,51,生物科学,动物生物学；植物生物学；微生物学；生物化学；细胞生物学；遗传学；神经生物学；分子生物学；大学英语；高等数学B；近代史
5班,2019102205,48,生物科学,动物生物学；植物生物学；微生物学；生物化学；细胞生物学；遗传学；神经生物学；分子生物学；大学英语；高等数学B；近代史
1班,2016102301,48,神经科学,神经科学基本理论；神经科学纲要
2班,2016102302,46,神经科学,神经科学基本理论；神经科学纲要
3班,2016102303,46,神经科学,神经科学基本理论；神经科学纲要
4班,2016102304,46,神经科学,神经科学基本理论；神经科学纲要
5班,2016102305,50,神经科学,神经科学基本理论；神经科学纲要
1班,2017102301,51,神经科学,神经科学基本理论；神经科学纲要
2班,2017102302,45,神经科学,神经科学基本理论；神经科学纲要
3班,2017102303,48,神经科学,神经科学基本理论；神经科学纲要
4班,2017102304,46,神经科学,神经科学基本理论；神经科学纲要
5班,2017102305,50,神经科学,神经科学基本理论；神经科学纲要
1班,2018102301,45,神经科学,神经科学基本理论；神经科学纲要；高等数学A；大学英语
2班,2018102302,54,神经科学,神经科学基本理论；神经科学纲要；高等数学A；大学英语
3班,2018102303,46,神经科学,神经科学基本理论；神经科学纲要；高等数学A；大学英语
4班,2018102304,48,神经科学,神经科学基本理论；神经科学纲要；高等数学A；大学英语
5班,2018102305,53,神经科学,神经科学基本理论；神经科学纲要；高等数学A；大学英语
1班,2019102301,47,神经科学,神经科学基本理论；神经科学纲要；高等数学B；大学英语；近代史；国学经典；线性代数；离散数学
2班,2019102302,45,神经科学,神经科学基本理论；神经科学纲要；高等数学B；大学英语；近代史；国学经典；线性代数；离散数学
3班,2019102303,46,神经科学,神经科学基本理论；神经科学纲要；高等数学B；大学英语；近代史；国学经典；线性代数；离散数学
4班,2019102304,49,神经科学,神经科学基本理论；神经科学纲要；高等数学B；大学英语；近代史；国学经典；线性代数；离散数学
5班,2019102305,48,神经科学,神经科学基本理论；神经科学纲要；高等数学B；大学英语；近代史；国学经典；线性代数；离散数学
1班,2016102401,48,心理学,普通心理学；实验心理学；生理心理学；人格心理学；社会心理学
2班,2016102402,49,心理学,普通心理学；实验心理学；生理心理学；人格心理学；社会心理学
3班,2016102403,45,心理学,普通心理学；实验心理学；生理心理学；人格心理学；社会心理学
4班,2016102404,47,心理学,普通心理学；实验心理学；生理心理学；人格心理学；社会心理学
5班,2016102405,48,心理学,普通心理学；实验心理学；生理心理学；人格心理学；社会心理学
1班,2017102401,53,心理学,普通心理学；实验心理学；生理心理学；人格心理学；社会心理学；高等数学B；大学英语
2班,2017102402,53,心理学,普通心理学；实验心理学；生理心理学；人格心理学；社会心理学；高等数学B；大学英语
3班,2017102403,50,心理学,普通心理学；实验心理学；生理心理学；人格心理学；社会心理学；高等数学B；大学英语
4班,2017102404,54,心理学,普通心理学；实验心理学；生理心理学；人格心理学；社会心理学；高等数学B；大学英语
5班,2017102405,52,心理学,普通心理学；实验心理学；生理心理学；人格心理学；社会心理学；高等数学B；大学英语
1班,2018102401,53,心理学,普通心理学；实验心理学；生理心理学；人格心理学；社会心理学；高等数学B；大学英语
2班,2018102402,51,心理学,普通心理学；实验心理学；生理心理学；人格心理学；社会心理学；高等数学B；大学英语
3班,2018102403,50,心理学,普通心理学；实验心理学；生理心理学；人格心理学；社会心理学；高等数学B；大学英语
4班,2018102404,50,心理学,普通心理学；实验心理学；生理心理学；人格心理学；社会心理学；高等数学B；大学英语
5班,2018102405,47,心理学,普通心理学；实验心理学；生理心理学；人格心理学；社会心理学；高等数学B；大学英语
1班,2019102401,53,心理学,普通心理学；实验心理学；生理心理学；人格心理学；社会心理学；高等数学B；大学英语
2班,2019102402,49,心理学,普通心理学；实验心理学；生理心理学；人格心理学；社会心理学；高等数学B；大学英语
3班,2019102403,50,心理学,普通心理学；实验心理学；生理心理学；人格心理学；社会心理学；高等数学B；大学英语
4班,2019102404,50,心理学,普通心理学；实验心理学；生理心理学；人格心理学；社会心理学；高等数学B；大学英语
5班,2019102405,49,心理学,普通心理学；实验心理学；生理心理学；人格心理学；社会心理学；高等数学B；大学英语
1班,2016102501,48,应用心理学,普通心理学；实验心理学；生理心理学；人格心理学；社会心理学；临床心理学；教育心理学；心理统计
2班,2016102502,48,应用心理学,普通心理学；实验心理学；生理心理学；人格心理学；社会心理学；临床心理学；教育心理学；心理统计
3班,2016102503,51,应用心理学,普通心理学；实验心理学；生理心理学；人格心理学；社会心理学；临床心理学；教育心理学；心理统计
4班,2016102504,45,应用心理学,普通心理学；实验心理学；生理心理学；人格心理学；社会心理学；临床心理学；教育心理学；心理统计
5班,2016102505,52,应用心理学,普通心理学；实验心理学；生理心理学；人格心理学；社会心理学；临床心理学；教育心理学；心理统计
1班,2017102501,51,应用心理学,普通心理学；实验心理学；生理心理学；人格心理学；社会心理学；临床心理学；教育心理学；心理统计
2班,2017102502,54,应用心理学,普通心理学；实验心理学；生理心理学；人格心理学；社会心理学；临床心理学；教育心理学；心理统计
3班,2017102503,54,应用心理学,普通心理学；实验心理学；生理心理学；人格心理学；社会心理学；临床心理学；教育心理学；心理统计
4班,2017102504,47,应用心理学,普通心理学；实验心理学；生理心理学；人格心理学；社会心理学；临床心理学；教育心理学；心理统计
5班,2017102505,52,应用心理学,普通心理学；实验心理学；生理心理学；人格心理学；社会心理学；临床心理学；教育心理学；心理统计
1班,2018102501,52,应用心理学,普通心理学；实验心理学；生理心理学；人格心理学；社会心理学；临床心理学；教育心理学；心理统计
2班,2018102502,48,应用心理学,普通心理学；实验心理学；生理心理学；人格心理学；社会心理学；临床心理学；教育心理学；心理统计
3班,2018102503,47,应用心理学,普通心理学；实验心理学；生理心理学；人格心理学；社会心理学；临床心理学；教育心理学；心理统计
4班,2018102504,52,应用心理学,普通心理学；实验心理学；生理心理学；人格心理学；社会心理学；临床心理学；教育心理学；心理统计
5班,2018102505,47,应用心理学,普通心理学；实验心理学；生理心理学；人格心理学；社会心理学；临床心理学；教育心理学；心理统计
1班,2019102501,49,应用心理学,普通心理学；实验心理学；生理心理学；人格心理学；社会心理学；高等数学B；大学英语；临床心理学；教育心理学；心理统计
2班,2019102502,48,应用心理学,普通心理学；实验心理学；生理心理学；人格心理学；社会心理学；高等数学B；大学英语；临床心理学；教育心理学；心理统计
3班,2019102503,50,应用心理学,普通心理学；实验心理学；生理心理学；人格心理学；社会心理学；高等数学B；大学英语；临床心理学；教育心理学；心理统计
4班,2019102504,45,应用心理学,普通心理学；实验心理学；生理心理学；人格心理学；社会心理学；高等数学B；大学英语；临床心理学；教育心理学；心理统计
5班,2019102505,52,应用心理学,普通心理学；实验心理学；生理心理学；人格心理学；社会心理学；高等数学B；大学英语；临床心理学；教育心理学；心理统计
1班,2016102601,45,统计学,数学分析；几何代数；数学实验；常微分方程；复变函数；概率论；数理统计；程序设计语言
2班,2016102602,46,统计学,数学分析；几何代数；数学实验；常微分方程；复变函数；概率论；数理统计；程序设计语言
3班,2016102603,48,统计学,数学分析；几何代数；数学实验；常微分方程；复变函数；概率论；数理统计；程序设计语言
4班,2016102604,53,统计学,数学分析；几何代数；数学实验；常微分方程；复变函数；概率论；数理统计；程序设计语言
5班,2016102605,48,统计学,数学分析；几何代数；数学实验；常微分方程；复变函数；概率论；数理统计；程序设计语言
1班,2017102601,54,统计学,数学分析；几何代数；数学实验；常微分方程；复变函数；概率论；数理统计；程序设计语言
2班,2017102602,46,统计学,数学分析；几何代数；数学实验；常微分方程；复变函数；概率论；数理统计；程序设计语言
3班,2017102603,52,统计学,数学分析；几何代数；数学实验；常微分方程；复变函数；概率论；数理统计；程序设计语言
4班,2017102604,54,统计学,数学分析；几何代数；数学实验；常微分方程；复变函数；概率论；数理统计；程序设计语言
5班,2017102605,51,统计学,数学分析；几何代数；数学实验；常微分方程；复变函数；概率论；数理统计；程序设计语言
1班,2018102601,54,统计学,数学分析；几何代数；数学实验；常微分方程；复变函数；概率论；数理统计；程序设计语言
2班,2018102602,47,统计学,数学分析；几何代数；数学实验；常微分方程；复变函数；概率论；数理统计；程序设计语言
3班,2018102603,46,统计学,数学分析；几何代数；数学实验；常微分方程；复变函数；概率论；数理统计；程序设计语言
4班,2018102604,51,统计学,数学分析；几何代数；数学实验；常微分方程；复变函数；概率论；数理统计；程序设计语言
5班,2018102605,52,统计学,数学分析；几何代数；数学实验；常微分方程；复变函数；概率论；数理统计；程序设计语言
1班,2019102601,54,统计学,数学分析；几何代数；数学实验；常微分方程；复变函数；概率论；数理统计；程序设计语言
2班,2019102602,47,统计学,数学分析；几何代数；数学实验；常微分方程；复变函数；概率论；数理统计；程序设计语言
3班,2019102603,50,统计学,数学分析；几何代数；数学实验；常微分方程；复变函数；概率论；数理统计；程序设计语言
4班,2019102604,48,统计学,数学分析；几何代数；数学实验；常微分方程；复变函数；概率论；数理统计；程序设计语言
5班,2019102605,51,统计学,数学分析；几何代数；数学实验；常微分方程；复变函数；概率论；数理统计；程序设计语言
1班,2016102701,49,应用统计学,概率论；数理统计；运筹学；抽样调查原理；计算机基础
2班,2016102702,48,应用统计学,概率论；数理统计；运筹学；抽样调查原理；计算机基础
3班,2016102703,50,应用统计学,概率论；数理统计；运筹学；抽样调查原理；计算机基础
4班,2016102704,53,应用统计学,概率论；数理统计；运筹学；抽样调查原理；计算机基础
5班,2016102705,47,应用统计学,概率论；数理统计；运筹学；抽样调查原理；计算机基础
1班,2017102701,49,应用统计学,概率论；数理统计；运筹学；抽样调查原理；计算机基础
2班,2017102702,50,应用统计学,概率论；数理统计；运筹学；抽样调查原理；计算机基础
3班,2017102703,50,应用统计学,概率论；数理统计；运筹学；抽样调查原理；计算机基础
4班,2017102704,51,应用统计学,概率论；数理统计；运筹学；抽样调查原理；计算机基础
5班,2017102705,52,应用统计学,概率论；数理统计；运筹学；抽样调查原理；计算机基础
1班,2018102701,49,应用统计学,概率论；数理统计；运筹学；抽样调查原理；计算机基础；数学基础课
2班,2018102702,53,应用统计学,概率论；数理统计；运筹学；抽样调查原理；计算机基础；数学基础课
3班,2018102703,52,应用统计学,概率论；数理统计；运筹学；抽样调查原理；计算机基础；数学基础课
4班,2018102704,46,应用统计学,概率论；数理统计；运筹学；抽样调查原理；计算机基础；数学基础课
5班,2018102705,47,应用统计学,概率论；数理统计；运筹学；抽样调查原理；计算机基础；数学基础课
1班,2019102701,46,应用统计学,概率论；数理统计；运筹学；抽样调查原理；计算机基础；数学基础课
2班,2019102702,53,应用统计学,概率论；数理统计；运筹学；抽样调查原理；计算机基础；数学基础课
3班,2019102703,50,应用统计学,概率论；数理统计；运筹学；抽样调查原理；计算机基础；数学基础课
4班,2019102704,48,应用统计学,概率论；数理统计；运筹学；抽样调查原理；计算机基础；数学基础课
5班,2019102705,53,应用统计学,概率论；数理统计；运筹学；抽样调查原理；计算机基础；数学基础课
1班,2016102801,45,工程力学,高等数学A；理论力学；材料力学；弹性力学；振动力学；实验力学；结构力学；计算机基础知识及程序设计；工程力学A1
2班,2016102802,49,工程力学,高等数学A；理论力学；材料力学；弹性力学；振动力学；实验力学；结构力学；计算机基础知识及程序设计；工程力学A1
3班,2016102803,45,工程力学,高等数学A；理论力学；材料力学；弹性力学；振动力学；实验力学；结构力学；计算机基础知识及程序设计；工程力学A1
4班,2016102804,46,工程力学,高等数学A；理论力学；材料力学；弹性力学；振动力学；实验力学；结构力学；计算机基础知识及程序设计；工程力学A1
5班,2016102805,45,工程力学,高等数学A；理论力学；材料力学；弹性力学；振动力学；实验力学；结构力学；计算机基础知识及程序设计；工程力学A1
1班,2017102801,47,工程力学,高等数学A；理论力学；材料力学；弹性力学；振动力学；实验力学；结构力学；计算机基础知识及程序设计；工程力学A1
2班,2017102802,54,工程力学,高等数学A；理论力学；材料力学；弹性力学；振动力学；实验力学；结构力学；计算机基础知识及程序设计；工程力学A1
3班,2017102803,52,工程力学,高等数学A；理论力学；材料力学；弹性力学；振动力学；实验力学；结构力学；计算机基础知识及程序设计；工程力学A1
4班,2017102804,49,工程力学,高等数学A；理论力学；材料力学；弹性力学；振动力学；实验力学；结构力学；计算机基础知识及程序设计；工程力学A1
5班,2017102805,51,工程力学,高等数学A；理论力学；材料力学；弹性力学；振动力学；实验力学；结构力学；计算机基础知识及程序设计；工程力学A1
1班,2018102801,49,工程力学,高等数学A；理论力学；材料力学；弹性力学；振动力学；实验力学；结构力学；计算机基础知识及程序设计；工程力学A2
2班,2018102802,48,工程力学,高等数学A；理论力学；材料力学；弹性力学；振动力学；实验力学；结构力学；计算机基础知识及程序设计；工程力学A2
3班,2018102803,49,工程力学,高等数学A；理论力学；材料力学；弹性力学；振动力学；实验力学；结构力学；计算机基础知识及程序设计；工程力学A2
4班,2018102804,49,工程力学,高等数学A；理论力学；材料力学；弹性力学；振动力学；实验力学；结构力学；计算机基础知识及程序设计；工程力学A2
5班,2018102805,48,工程力学,高等数学A；理论力学；材料力学；弹性力学；振动力学；实验力学；结构力学；计算机基础知识及程序设计；工程力学A2
1班,2019102801,46,工程力学,高等数学A；理论力学；材料力学；弹性力学；振动力学；实验力学；结构力学；计算机基础知识及程序设计；工程力学B
2班,2019102802,45,工程力学,高等数学A；理论力学；材料力学；弹性力学；振动力学；实验力学；结构力学；计算机基础知识及程序设计；工程力学B
3班,2019102803,49,工程力学,高等数学A；理论力学；材料力学；弹性力学；振动力学；实验力学；结构力学；计算机基础知识及程序设计；工程力学B
4班,2019102804,48,工程力学,高等数学A；理论力学；材料力学；弹性力学；振动力学；实验力学；结构力学；计算机基础知识及程序设计；工程力学B
5班,2019102805,45,工程力学,高等数学A；理论力学；材料力学；弹性力学；振动力学；实验力学；结构力学；计算机基础知识及程序设计；工程力学B
1班,2016102901,46,机械工程,工程力学；机械设计基础；工程热力学；现代控制理论；测试技术
2班,2016102902,49,机械工程,工程力学；机械设计基础；工程热力学；现代控制理论；测试技术
3班,2016102903,47,机械工程,工程力学；机械设计基础；工程热力学；现代控制理论；测试技术
4班,2016102904,54,机械工程,工程力学；机械设计基础；工程热力学；现代控制理论；测试技术
5班,2016102905,52,机械工程,工程力学；机械设计基础；工程热力学；现代控制理论；测试技术
1班,2017102901,54,机械工程,工程力学；机械设计基础；工程热力学；现代控制理论；测试技术
2班,2017102902,49,机械工程,工程力学；机械设计基础；工程热力学；现代控制理论；测试技术
3班,2017102903,51,机械工程,工程力学；机械设计基础；工程热力学；现代控制理论；测试技术
4班,2017102904,54,机械工程,工程力学；机械设计基础；工程热力学；现代控制理论；测试技术
5班,2017102905,51,机械工程,工程力学；机械设计基础；工程热力学；现代控制理论；测试技术
1班,2018102901,50,机械工程,工程力学；机械设计基础；工程热力学；现代控制理论；测试技术；高等数学B；大学英语
2班,2018102902,46,机械工程,工程力学；机械设计基础；工程热力学；现代控制理论；测试技术；高等数学B；大学英语
3班,2018102903,49,机械工程,工程力学；机械设计基础；工程热力学；现代控制理论；测试技术；高等数学B；大学英语
4班,2018102904,45,机械工程,工程力学；机械设计基础；工程热力学；现代控制理论；测试技术；高等数学B；大学英语
5班,2018102905,49,机械工程,工程力学；机械设计基础；工程热力学；现代控制理论；测试技术；高等数学B；大学英语
1班,2019102901,54,机械工程,工程力学；机械设计基础；工程热力学；现代控制理论；测试技术；高等数学B；大学英语
2班,2019102902,45,机械工程,工程力学；机械设计基础；工程热力学；现代控制理论；测试技术；高等数学B；大学英语
3班,2019102903,52,机械工程,工程力学；机械设计基础；工程热力学；现代控制理论；测试技术；高等数学B；大学英语
4班,2019102904,52,机械工程,工程力学；机械设计基础；工程热力学；现代控制理论；测试技术；高等数学B；大学英语
5班,2019102905,52,机械工程,工程力学；机械设计基础；工程热力学；现代控制理论；测试技术；高等数学B；大学英语
1班,2016103001,48,机械电子工程,电工与电子技术；机械制图；工程力学；近代史；机械设计基础；机械原理；机械制造基础；液压与气动技术
2班,2016103002,47,机械电子工程,电工与电子技术；机械制图；工程力学；近代史；机械设计基础；机械原理；机械制造基础；液压与气动技术
3班,2016103003,51,机械电子工程,电工与电子技术；机械制图；工程力学；近代史；机械设计基础；机械原理；机械制造基础；液压与气动技术
4班,2016103004,48,机械电子工程,电工与电子技术；机械制图；工程力学；近代史；机械设计基础；机械原理；机械制造基础；液压与气动技术
5班,2016103005,45,机械电子工程,电工与电子技术；机械制图；工程力学；近代史；机械设计基础；机械原理；机械制造基础；液压与气动技术
1班,2017103001,46,机械电子工程,电工与电子技术；机械制图；工程力学；近代史；机械设计基础；机械原理；机械制造基础；液压与气动技术
2班,2017103002,49,机械电子工程,电工与电子技术；机械制图；工程力学；近代史；机械设计基础；机械原理；机械制造基础；液压与气动技术
3班,2017103003,53,机械电子工程,电工与电子技术；机械制图；工程力学；近代史；机械设计基础；机械原理；机械制造基础；液压与气动技术
4班,2017103004,45,机械电子工程,电工与电子技术；机械制图；工程力学；近代史；机械设计基础；机械原理；机械制造基础；液压与气动技术
5班,2017103005,54,机械电子工程,电工与电子技术；机械制图；工程力学；近代史；机械设计基础；机械原理；机械制造基础；液压与气动技术
1班,2018103001,45,机械电子工程,电工与电子技术；机械制图；工程力学；近代史；机械设计基础；机械原理；机械制造基础；液压与气动技术；高等数学B；大学英语
2班,2018103002,53,机械电子工程,电工与电子技术；机械制图；工程力学；近代史；机械设计基础；机械原理；机械制造基础；液压与气动技术；高等数学B；大学英语
3班,2018103003,45,机械电子工程,电工与电子技术；机械制图；工程力学；近代史；机械设计基础；机械原理；机械制造基础；液压与气动技术；高等数学B；大学英语
4班,2018103004,50,机械电子工程,电工与电子技术；机械制图；工程力学；近代史；机械设计基础；机械原理；机械制造基础；液压与气动技术；高等数学B；大学英语
5班,2018103005,45,机械电子工程,电工与电子技术；机械制图；工程力学；近代史；机械设计基础；机械原理；机械制造基础；液压与气动技术；高等数学B；大学英语
1班,2019103001,46,机械电子工程,电工与电子技术；机械制图；工程力学；近代史；机械设计基础；机械原理；机械制造基础；液压与气动技术；高等数学B；大学英语
2班,2019103002,49,机械电子工程,电工与电子技术；机械制图；工程力学；近代史；机械设计基础；机械原理；机械制造基础；液压与气动技术；高等数学B；大学英语
3班,2019103003,48,机械电子工程,电工与电子技术；机械制图；工程力学；近代史；机械设计基础；机械原理；机械制造基础；液压与气动技术；高等数学B；大学英语
4班,2019103004,50,机械电子工程,电工与电子技术；机械制图；工程力学；近代史；机械设计基础；机械原理；机械制造基础；液压与气动技术；高等数学B；大学英语
5班,2019103005,48,机械电子工程,电工与电子技术；机械制图；工程力学；近代史；机械设计基础；机械原理；机械制造基础；液压与气动技术；高等数学B；大学英语
1班,2016103101,50,工业设计,电工学；机械设计基础；工程材料；造型设计基础；人机工程学
2班,2016103102,51,工业设计,电工学；机械设计基础；工程材料；造型设计基础；人机工程学
3班,2016103103,51,工业设计,电工学；机械设计基础；工程材料；造型设计基础；人机工程学
4班,2016103104,51,工业设计,电工学；机械设计基础；工程材料；造型设计基础；人机工程学
5班,2016103105,52,工业设计,电工学；机械设计基础；工程材料；造型设计基础；人机工程学
1班,2017103101,49,工业设计,电工学；机械设计基础；工程材料；造型设计基础；人机工程学
2班,2017103102,48,工业设计,电工学；机械设计基础；工程材料；造型设计基础；人机工程学
3班,2017103103,49,工业设计,电工学；机械设计基础；工程材料；造型设计基础；人机工程学
4班,2017103104,51,工业设计,电工学；机械设计基础；工程材料；造型设计基础；人机工程学
5班,2017103105,50,工业设计,电工学；机械设计基础；工程材料；造型设计基础；人机工程学
1班,2018103101,54,工业设计,电工学；机械设计基础；工程材料；造型设计基础；人机工程学；高等数学A；大学英语；近代史
2班,2018103102,49,工业设计,电工学；机械设计基础；工程材料；造型设计基础；人机工程学；高等数学A；大学英语；近代史
3班,2018103103,48,工业设计,电工学；机械设计基础；工程材料；造型设计基础；人机工程学；高等数学A；大学英语；近代史
4班,2018103104,50,工业设计,电工学；机械设计基础；工程材料；造型设计基础；人机工程学；高等数学A；大学英语；近代史
5班,2018103105,49,工业设计,电工学；机械设计基础；工程材料；造型设计基础；人机工程学；高等数学A；大学英语；近代史
1班,2019103101,45,工业设计,电工学；机械设计基础；工程材料；造型设计基础；人机工程学；高等数学A；大学英语；近代史；形势与政策
2班,2019103102,49,工业设计,电工学；机械设计基础；工程材料；造型设计基础；人机工程学；高等数学A；大学英语；近代史；形势与政策
3班,2019103103,48,工业设计,电工学；机械设计基础；工程材料；造型设计基础；人机工程学；高等数学A；大学英语；近代史；形势与政策
4班,2019103104,45,工业设计,电工学；机械设计基础；工程材料；造型设计基础；人机工程学；高等数学A；大学英语；近代史；形势与政策
5班,2019103105,53,工业设计,电工学；机械设计基础；工程材料；造型设计基础；人机工程学；高等数学A；大学英语；近代史；形势与政策
1班,2016103201,45,车辆工程,汽车设计；汽车理论；机械制图；机械原理；理论力学；材料力学；机械设计；汽车构造
2班,2016103202,52,车辆工程,汽车设计；汽车理论；机械制图；机械原理；理论力学；材料力学；机械设计；汽车构造
3班,2016103203,50,车辆工程,汽车设计；汽车理论；机械制图；机械原理；理论力学；材料力学；机械设计；汽车构造
4班,2016103204,49,车辆工程,汽车设计；汽车理论；机械制图；机械原理；理论力学；材料力学；机械设计；汽车构造
5班,2016103205,54,车辆工程,汽车设计；汽车理论；机械制图；机械原理；理论力学；材料力学；机械设计；汽车构造
1班,2017103201,46,车辆工程,汽车设计；汽车理论；机械制图；机械原理；理论力学；材料力学；机械设计；汽车构造；大学英语；高等数学B
2班,2017103202,50,车辆工程,汽车设计；汽车理论；机械制图；机械原理；理论力学；材料力学；机械设计；汽车构造；大学英语；高等数学B
3班,2017103203,49,车辆工程,汽车设计；汽车理论；机械制图；机械原理；理论力学；材料力学；机械设计；汽车构造；大学英语；高等数学B
4班,2017103204,47,车辆工程,汽车设计；汽车理论；机械制图；机械原理；理论力学；材料力学；机械设计；汽车构造；大学英语；高等数学B
5班,2017103205,45,车辆工程,汽车设计；汽车理论；机械制图；机械原理；理论力学；材料力学；机械设计；汽车构造；大学英语；高等数学B
1班,2018103201,54,车辆工程,汽车设计；汽车理论；机械制图；机械原理；理论力学；材料力学；机械设计；汽车构造；大学英语；高等数学B
2班,2018103202,53,车辆工程,汽车设计；汽车理论；机械制图；机械原理；理论力学；材料力学；机械设计；汽车构造；大学英语；高等数学B
3班,2018103203,49,车辆工程,汽车设计；汽车理论；机械制图；机械原理；理论力学；材料力学；机械设计；汽车构造；大学英语；高等数学B
4班,2018103204,51,车辆工程,汽车设计；汽车理论；机械制图；机械原理；理论力学；材料力学；机械设计；汽车构造；大学英语；高等数学B
5班,2018103205,48,车辆工程,汽车设计；汽车理论；机械制图；机械原理；理论力学；材料力学；机械设计；汽车构造；大学英语；高等数学B
1班,2019103201,53,车辆工程,汽车设计；汽车理论；机械制图；机械原理；理论力学；材料力学；机械设计；汽车构造；大学英语；高等数学B；近代史；国学经典；线性代数
2班,2019103202,52,车辆工程,汽车设计；汽车理论；机械制图；机械原理；理论力学；材料力学；机械设计；汽车构造；大学英语；高等数学B；近代史；国学经典；线性代数
3班,2019103203,51,车辆工程,汽车设计；汽车理论；机械制图；机械原理；理论力学；材料力学；机械设计；汽车构造；大学英语；高等数学B；近代史；国学经典；线性代数
4班,2019103204,51,车辆工程,汽车设计；汽车理论；机械制图；机械原理；理论力学；材料力学；机械设计；汽车构造；大学英语；高等数学B；近代史；国学经典；线性代数
5班,2019103205,48,车辆工程,汽车设计；汽车理论；机械制图；机械原理；理论力学；材料力学；机械设计；汽车构造；大学英语；高等数学B；近代史；国学经典；线性代数
1班,2016103301,51,汉语言文学,中国古代文学；中国现代文学；外国文学；儿童文学；文学概论；美学
2班,2016103302,51,汉语言文学,中国古代文学；中国现代文学；外国文学；儿童文学；文学概论；美学
3班,2016103303,49,汉语言文学,中国古代文学；中国现代文学；外国文学；儿童文学；文学概论；美学
4班,2016103304,46,汉语言文学,中国古代文学；中国现代文学；外国文学；儿童文学；文学概论；美学
5班,2016103305,50,汉语言文学,中国古代文学；中国现代文学；外国文学；儿童文学；文学概论；美学
1班,2017103301,53,汉语言文学,中国古代文学；中国现代文学；外国文学；儿童文学；文学概论；美学
2班,2017103302,48,汉语言文学,中国古代文学；中国现代文学；外国文学；儿童文学；文学概论；美学
3班,2017103303,48,汉语言文学,中国古代文学；中国现代文学；外国文学；儿童文学；文学概论；美学
4班,2017103304,47,汉语言文学,中国古代文学；中国现代文学；外国文学；儿童文学；文学概论；美学
5班,2017103305,47,汉语言文学,中国古代文学；中国现代文学；外国文学；儿童文学；文学概论；美学
1班,2018103301,45,汉语言文学,高等数学；近代史；国学经典；中国古代文学；中国现代文学；外国文学；儿童文学；文学概论；美学；汉语言文学A
2班,2018103302,54,汉语言文学,高等数学；近代史；国学经典；中国古代文学；中国现代文学；外国文学；儿童文学；文学概论；美学；汉语言文学A
3班,2018103303,49,汉语言文学,高等数学；近代史；国学经典；中国古代文学；中国现代文学；外国文学；儿童文学；文学概论；美学；汉语言文学A
4班,2018103304,51,汉语言文学,高等数学；近代史；国学经典；中国古代文学；中国现代文学；外国文学；儿童文学；文学概论；美学；汉语言文学A
5班,2018103305,49,汉语言文学,高等数学；近代史；国学经典；中国古代文学；中国现代文学；外国文学；儿童文学；文学概论；美学；汉语言文学A
1班,2019103301,47,汉语言文学,高等数学；近代史；国学经典；中国古代文学；中国现代文学；外国文学；儿童文学；文学概论；美学；汉语言文学B；形势与政策
2班,2019103302,45,汉语言文学,高等数学；近代史；国学经典；中国古代文学；中国现代文学；外国文学；儿童文学；文学概论；美学；汉语言文学B；形势与政策
3班,2019103303,51,汉语言文学,高等数学；近代史；国学经典；中国古代文学；中国现代文学；外国文学；儿童文学；文学概论；美学；汉语言文学B；形势与政策
4班,2019103304,52,汉语言文学,高等数学；近代史；国学经典；中国古代文学；中国现代文学；外国文学；儿童文学；文学概论；美学；汉语言文学B；形势与政策
5班,2019103305,51,汉语言文学,高等数学；近代史；国学经典；中国古代文学；中国现代文学；外国文学；儿童文学；文学概论；美学；汉语言文学B；形势与政策
1班,2016103401,53,新能源汽车工程,新能源汽车构造；电工电子技术；电动汽车；动力电池与驱动电机
2班,2016103402,45,新能源汽车工程,新能源汽车构造；电工电子技术；电动汽车；动力电池与驱动电机
3班,2016103403,45,新能源汽车工程,新能源汽车构造；电工电子技术；电动汽车；动力电池与驱动电机
4班,2016103404,51,新能源汽车工程,新能源汽车构造；电工电子技术；电动汽车；动力电池与驱动电机
5班,2016103405,49,新能源汽车工程,新能源汽车构造；电工电子技术；电动汽车；动力电池与驱动电机
1班,2017103401,54,新能源汽车工程,新能源汽车构造；电工电子技术；电动汽车；动力电池与驱动电机
2班,2017103402,45,新能源汽车工程,新能源汽车构造；电工电子技术；电动汽车；动力电池与驱动电机
3班,2017103403,48,新能源汽车工程,新能源汽车构造；电工电子技术；电动汽车；动力电池与驱动电机
4班,2017103404,45,新能源汽车工程,新能源汽车构造；电工电子技术；电动汽车；动力电池与驱动电机
5班,2017103405,52,新能源汽车工程,新能源汽车构造；电工电子技术；电动汽车；动力电池与驱动电机
1班,2018103401,50,新能源汽车工程,新能源汽车构造；电工电子技术；电动汽车；动力电池与驱动电机；高等数学B；大学英语
2班,2018103402,53,新能源汽车工程,新能源汽车构造；电工电子技术；电动汽车；动力电池与驱动电机；高等数学B；大学英语
3班,2018103403,45,新能源汽车工程,新能源汽车构造；电工电子技术；电动汽车；动力电池与驱动电机；高等数学B；大学英语
4班,2018103404,49,新能源汽车工程,新能源汽车构造；电工电子技术；电动汽车；动力电池与驱动电机；高等数学B；大学英语
5班,2018103405,53,新能源汽车工程,新能源汽车构造；电工电子技术；电动汽车；动力电池与驱动电机；高等数学B；大学英语
1班,2019103401,46,新能源汽车工程,新能源汽车构造；电工电子技术；电动汽车；动力电池与驱动电机；高等数学B；大学英语；近代史；线性代数；国学经典；形势与政策
2班,2019103402,46,新能源汽车工程,新能源汽车构造；电工电子技术；电动汽车；动力电池与驱动电机；高等数学B；大学英语；近代史；线性代数；国学经典；形势与政策
3班,2019103403,49,新能源汽车工程,新能源汽车构造；电工电子技术；电动汽车；动力电池与驱动电机；高等数学B；大学英语；近代史；线性代数；国学经典；形势与政策
4班,2019103404,49,新能源汽车工程,新能源汽车构造；电工电子技术；电动汽车；动力电池与驱动电机；高等数学B；大学英语；近代史；线性代数；国学经典；形势与政策
5班,2019103405,51,新能源汽车工程,新能源汽车构造；电工电子技术；电动汽车；动力电池与驱动电机；高等数学B；大学英语；近代史；线性代数；国学经典；形势与政策
1班,2016103501,49,材料化学,无机化学；分析化学；有机化学；物理化学；结构化学；材料化学；材料物理
2班,2016103502,46,材料化学,无机化学；分析化学；有机化学；物理化学；结构化学；材料化学；材料物理
3班,2016103503,54,材料化学,无机化学；分析化学；有机化学；物理化学；结构化学；材料化学；材料物理
4班,2016103504,51,材料化学,无机化学；分析化学；有机化学；物理化学；结构化学；材料化学；材料物理
5班,2016103505,45,材料化学,无机化学；分析化学；有机化学；物理化学；结构化学；材料化学；材料物理
1班,2017103501,51,材料化学,无机化学；分析化学；有机化学；物理化学；结构化学；材料化学；材料物理
2班,2017103502,45,材料化学,无机化学；分析化学；有机化学；物理化学；结构化学；材料化学；材料物理
3班,2017103503,49,材料化学,无机化学；分析化学；有机化学；物理化学；结构化学；材料化学；材料物理
4班,2017103504,50,材料化学,无机化学；分析化学；有机化学；物理化学；结构化学；材料化学；材料物理
5班,2017103505,46,材料化学,无机化学；分析化学；有机化学；物理化学；结构化学；材料化学；材料物理
1班,2018103501,51,材料化学,无机化学；分析化学；有机化学；物理化学；结构化学；材料化学；材料物理；大学英语；高等数学B；近代史
2班,2018103502,45,材料化学,无机化学；分析化学；有机化学；物理化学；结构化学；材料化学；材料物理；大学英语；高等数学B；近代史
3班,2018103503,48,材料化学,无机化学；分析化学；有机化学；物理化学；结构化学；材料化学；材料物理；大学英语；高等数学B；近代史
4班,2018103504,45,材料化学,无机化学；分析化学；有机化学；物理化学；结构化学；材料化学；材料物理；大学英语；高等数学B；近代史
5班,2018103505,50,材料化学,无机化学；分析化学；有机化学；物理化学；结构化学；材料化学；材料物理；大学英语；高等数学B；近代史
1班,2019103501,50,材料化学,无机化学；分析化学；有机化学；物理化学；结构化学；材料化学；材料物理；大学英语；高等数学B；近代史；形势与政策；国学经典
2班,2019103502,48,材料化学,无机化学；分析化学；有机化学；物理化学；结构化学；材料化学；材料物理；大学英语；高等数学B；近代史；形势与政策；国学经典
3班,2019103503,49,材料化学,无机化学；分析化学；有机化学；物理化学；结构化学；材料化学；材料物理；大学英语；高等数学B；近代史；形势与政策；国学经典
4班,2019103504,54,材料化学,无机化学；分析化学；有机化学；物理化学；结构化学；材料化学；材料物理；大学英语；高等数学B；近代史；形势与政策；国学经典
5班,2019103505,49,材料化学,无机化学；分析化学；有机化学；物理化学；结构化学；材料化学；材料物理；大学英语；高等数学B；近代史；形势与政策；国学经典
1班,2016103601,49,材料物理,有料科学基础；工程材料学；微电子材料；近代物理；固体物理
2班,2016103602,50,材料物理,有料科学基础；工程材料学；微电子材料；近代物理；固体物理
3班,2016103603,48,材料物理,有料科学基础；工程材料学；微电子材料；近代物理；固体物理
4班,2016103604,45,材料物理,有料科学基础；工程材料学；微电子材料；近代物理；固体物理
5班,2016103605,49,材料物理,有料科学基础；工程材料学；微电子材料；近代物理；固体物理
1班,2017103601,48,材料物理,有料科学基础；工程材料学；微电子材料；近代物理；固体物理；大学英语
2班,2017103602,46,材料物理,有料科学基础；工程材料学；微电子材料；近代物理；固体物理；大学英语
3班,2017103603,53,材料物理,有料科学基础；工程材料学；微电子材料；近代物理；固体物理；大学英语
4班,2017103604,49,材料物理,有料科学基础；工程材料学；微电子材料；近代物理；固体物理；大学英语
5班,2017103605,51,材料物理,有料科学基础；工程材料学；微电子材料；近代物理；固体物理；大学英语
1班,2018103601,50,材料物理,有料科学基础；工程材料学；微电子材料；近代物理；固体物理；大学英语；高等数学A
2班,2018103602,46,材料物理,有料科学基础；工程材料学；微电子材料；近代物理；固体物理；大学英语；高等数学A
3班,2018103603,49,材料物理,有料科学基础；工程材料学；微电子材料；近代物理；固体物理；大学英语；高等数学A
4班,2018103604,52,材料物理,有料科学基础；工程材料学；微电子材料；近代物理；固体物理；大学英语；高等数学A
5班,2018103605,47,材料物理,有料科学基础；工程材料学；微电子材料；近代物理；固体物理；大学英语；高等数学A
1班,2019103601,47,材料物理,有料科学基础；工程材料学；微电子材料；近代物理；固体物理；大学英语；高等数学A；近代史；形势与政策
2班,2019103602,47,材料物理,有料科学基础；工程材料学；微电子材料；近代物理；固体物理；大学英语；高等数学A；近代史；形势与政策
3班,2019103603,51,材料物理,有料科学基础；工程材料学；微电子材料；近代物理；固体物理；大学英语；高等数学A；近代史；形势与政策
4班,2019103604,50,材料物理,有料科学基础；工程材料学；微电子材料；近代物理；固体物理；大学英语；高等数学A；近代史；形势与政策
5班,2019103605,48,材料物理,有料科学基础；工程材料学；微电子材料；近代物理；固体物理；大学英语；高等数学A；近代史；形势与政策
1班,2016103701,52,金属材料工程,材料科学与工程；材料热力学；金属学；材料力学性能；材料分析技术；金属材料学
2班,2016103702,52,金属材料工程,材料科学与工程；材料热力学；金属学；材料力学性能；材料分析技术；金属材料学
3班,2016103703,52,金属材料工程,材料科学与工程；材料热力学；金属学；材料力学性能；材料分析技术；金属材料学
4班,2016103704,54,金属材料工程,材料科学与工程；材料热力学；金属学；材料力学性能；材料分析技术；金属材料学
5班,2016103705,51,金属材料工程,材料科学与工程；材料热力学；金属学；材料力学性能；材料分析技术；金属材料学
1班,2017103701,49,金属材料工程,材料科学与工程；材料热力学；金属学；材料力学性能；材料分析技术；金属材料学
2班,2017103702,51,金属材料工程,材料科学与工程；材料热力学；金属学；材料力学性能；材料分析技术；金属材料学
3班,2017103703,50,金属材料工程,材料科学与工程；材料热力学；金属学；材料力学性能；材料分析技术；金属材料学
4班,2017103704,49,金属材料工程,材料科学与工程；材料热力学；金属学；材料力学性能；材料分析技术；金属材料学
5班,2017103705,45,金属材料工程,材料科学与工程；材料热力学；金属学；材料力学性能；材料分析技术；金属材料学
1班,2018103701,48,金属材料工程,材料科学与工程；材料热力学；金属学；材料力学性能；材料分析技术；金属材料学；大学英语
2班,2018103702,49,金属材料工程,材料科学与工程；材料热力学；金属学；材料力学性能；材料分析技术；金属材料学；大学英语
3班,2018103703,47,金属材料工程,材料科学与工程；材料热力学；金属学；材料力学性能；材料分析技术；金属材料学；大学英语
4班,2018103704,46,金属材料工程,材料科学与工程；材料热力学；金属学；材料力学性能；材料分析技术；金属材料学；大学英语
5班,2018103705,54,金属材料工程,材料科学与工程；材料热力学；金属学；材料力学性能；材料分析技术；金属材料学；大学英语
1班,2019103701,54,金属材料工程,材料科学与工程；材料热力学；金属学；材料力学性能；材料分析技术；金属材料学；大学英语；高等数学B；形势与政策
2班,2019103702,46,金属材料工程,材料科学与工程；材料热力学；金属学；材料力学性能；材料分析技术；金属材料学；大学英语；高等数学B；形势与政策
3班,2019103703,45,金属材料工程,材料科学与工程；材料热力学；金属学；材料力学性能；材料分析技术；金属材料学；大学英语；高等数学B；形势与政策
4班,2019103704,50,金属材料工程,材料科学与工程；材料热力学；金属学；材料力学性能；材料分析技术；金属材料学；大学英语；高等数学B；形势与政策
5班,2019103705,45,金属材料工程,材料科学与工程；材料热力学；金属学；材料力学性能；材料分析技术；金属材料学；大学英语；高等数学B；形势与政策
1班,2016103801,45,高分子材料与工程,无机化学；分析化学；有机化学；物理化学；高分子化学；高分子物理；高分子外语；聚合物加工原理
2班,2016103802,52,高分子材料与工程,无机化学；分析化学；有机化学；物理化学；高分子化学；高分子物理；高分子外语；聚合物加工原理
3班,2016103803,45,高分子材料与工程,无机化学；分析化学；有机化学；物理化学；高分子化学；高分子物理；高分子外语；聚合物加工原理
4班,2016103804,47,高分子材料与工程,无机化学；分析化学；有机化学；物理化学；高分子化学；高分子物理；高分子外语；聚合物加工原理
5班,2016103805,47,高分子材料与工程,无机化学；分析化学；有机化学；物理化学；高分子化学；高分子物理；高分子外语；聚合物加工原理
1班,2017103801,45,高分子材料与工程,无机化学；分析化学；有机化学；物理化学；高分子化学；高分子物理；高分子外语；聚合物加工原理
2班,2017103802,54,高分子材料与工程,无机化学；分析化学；有机化学；物理化学；高分子化学；高分子物理；高分子外语；聚合物加工原理
3班,2017103803,54,高分子材料与工程,无机化学；分析化学；有机化学；物理化学；高分子化学；高分子物理；高分子外语；聚合物加工原理
4班,2017103804,50,高分子材料与工程,无机化学；分析化学；有机化学；物理化学；高分子化学；高分子物理；高分子外语；聚合物加工原理
5班,2017103805,45,高分子材料与工程,无机化学；分析化学；有机化学；物理化学；高分子化学；高分子物理；高分子外语；聚合物加工原理
1班,2018103801,54,高分子材料与工程,无机化学；分析化学；有机化学；物理化学；高分子化学；高分子物理；高分子外语；聚合物加工原理
2班,2018103802,52,高分子材料与工程,无机化学；分析化学；有机化学；物理化学；高分子化学；高分子物理；高分子外语；聚合物加工原理
3班,2018103803,52,高分子材料与工程,无机化学；分析化学；有机化学；物理化学；高分子化学；高分子物理；高分子外语；聚合物加工原理
4班,2018103804,53,高分子材料与工程,无机化学；分析化学；有机化学；物理化学；高分子化学；高分子物理；高分子外语；聚合物加工原理
5班,2018103805,45,高分子材料与工程,无机化学；分析化学；有机化学；物理化学；高分子化学；高分子物理；高分子外语；聚合物加工原理
1班,2019103801,52,高分子材料与工程,无机化学；分析化学；有机化学；物理化学；高分子化学；高分子物理；高分子外语；聚合物加工原理；形式与政策
2班,2019103802,53,高分子材料与工程,无机化学；分析化学；有机化学；物理化学；高分子化学；高分子物理；高分子外语；聚合物加工原理；形式与政策
3班,2019103803,46,高分子材料与工程,无机化学；分析化学；有机化学；物理化学；高分子化学；高分子物理；高分子外语；聚合物加工原理；形式与政策
4班,2019103804,45,高分子材料与工程,无机化学；分析化学；有机化学；物理化学；高分子化学；高分子物理；高分子外语；聚合物加工原理；形式与政策
5班,2019103805,54,高分子材料与工程,无机化学；分析化学；有机化学；物理化学；高分子化学；高分子物理；高分子外语；聚合物加工原理；形式与政策
1班,2016103901,52,功能材料,材料科学基础；材料制备与加工；材料的物理性能；固体物理；无机化学；有机化学；智能材料
2班,2016103902,49,功能材料,材料科学基础；材料制备与加工；材料的物理性能；固体物理；无机化学；有机化学；智能材料
3班,2016103903,54,功能材料,材料科学基础；材料制备与加工；材料的物理性能；固体物理；无机化学；有机化学；智能材料
4班,2016103904,49,功能材料,材料科学基础；材料制备与加工；材料的物理性能；固体物理；无机化学；有机化学；智能材料
5班,2016103905,45,功能材料,材料科学基础；材料制备与加工；材料的物理性能；固体物理；无机化学；有机化学；智能材料
1班,2017103901,54,功能材料,材料科学基础；材料制备与加工；材料的物理性能；固体物理；无机化学；有机化学；智能材料
2班,2017103902,47,功能材料,材料科学基础；材料制备与加工；材料的物理性能；固体物理；无机化学；有机化学；智能材料
3班,2017103903,49,功能材料,材料科学基础；材料制备与加工；材料的物理性能；固体物理；无机化学；有机化学；智能材料
4班,2017103904,50,功能材料,材料科学基础；材料制备与加工；材料的物理性能；固体物理；无机化学；有机化学；智能材料
5班,2017103905,50,功能材料,材料科学基础；材料制备与加工；材料的物理性能；固体物理；无机化学；有机化学；智能材料
1班,2018103901,54,功能材料,高等数学B；大学英语；材料科学基础；材料制备与加工；材料的物理性能；固体物理；无机化学；有机化学；智能材料
2班,2018103902,54,功能材料,高等数学B；大学英语；材料科学基础；材料制备与加工；材料的物理性能；固体物理；无机化学；有机化学；智能材料
3班,2018103903,48,功能材料,高等数学B；大学英语；材料科学基础；材料制备与加工；材料的物理性能；固体物理；无机化学；有机化学；智能材料
4班,2018103904,52,功能材料,高等数学B；大学英语；材料科学基础；材料制备与加工；材料的物理性能；固体物理；无机化学；有机化学；智能材料
5班,2018103905,46,功能材料,高等数学B；大学英语；材料科学基础；材料制备与加工；材料的物理性能；固体物理；无机化学；有机化学；智能材料
1班,2019103901,52,功能材料,高等数学B；大学英语；材料科学基础；材料制备与加工；材料的物理性能；固体物理；无机化学；有机化学；智能材料；形势与政策
2班,2019103902,46,功能材料,高等数学B；大学英语；材料科学基础；材料制备与加工；材料的物理性能；固体物理；无机化学；有机化学；智能材料；形势与政策
3班,2019103903,54,功能材料,高等数学B；大学英语；材料科学基础；材料制备与加工；材料的物理性能；固体物理；无机化学；有机化学；智能材料；形势与政策
4班,2019103904,51,功能材料,高等数学B；大学英语；材料科学基础；材料制备与加工；材料的物理性能；固体物理；无机化学；有机化学；智能材料；形势与政策
5班,2019103905,48,功能材料,高等数学B；大学英语；材料科学基础；材料制备与加工；材料的物理性能；固体物理；无机化学；有机化学；智能材料；形势与政策
1班,2016104001,54,纳米材料与技术,纳米材料的基本概念；基本物理效应；纳米材料的结构；纳电子器件的基本原理和微加工技术
2班,2016104002,53,纳米材料与技术,纳米材料的基本概念；基本物理效应；纳米材料的结构；纳电子器件的基本原理和微加工技术
3班,2016104003,46,纳米材料与技术,纳米材料的基本概念；基本物理效应；纳米材料的结构；纳电子器件的基本原理和微加工技术
4班,2016104004,50,纳米材料与技术,纳米材料的基本概念；基本物理效应；纳米材料的结构；纳电子器件的基本原理和微加工技术
5班,2016104005,52,纳米材料与技术,纳米材料的基本概念；基本物理效应；纳米材料的结构；纳电子器件的基本原理和微加工技术
1班,2017104001,54,纳米材料与技术,纳米材料的基本概念；基本物理效应；纳米材料的结构；纳电子器件的基本原理和微加工技术
2班,2017104002,54,纳米材料与技术,纳米材料的基本概念；基本物理效应；纳米材料的结构；纳电子器件的基本原理和微加工技术
3班,2017104003,50,纳米材料与技术,纳米材料的基本概念；基本物理效应；纳米材料的结构；纳电子器件的基本原理和微加工技术
4班,2017104004,48,纳米材料与技术,纳米材料的基本概念；基本物理效应；纳米材料的结构；纳电子器件的基本原理和微加工技术
5班,2017104005,54,纳米材料与技术,纳米材料的基本概念；基本物理效应；纳米材料的结构；纳电子器件的基本原理和微加工技术
1班,2018104001,54,纳米材料与技术,纳米材料的基本概念；基本物理效应；纳米材料的结构；高等数学A；大学英语；纳电子器件的基本原理和微加工技术
2班,2018104002,54,纳米材料与技术,纳米材料的基本概念；基本物理效应；纳米材料的结构；高等数学A；大学英语；纳电子器件的基本原理和微加工技术
3班,2018104003,50,纳米材料与技术,纳米材料的基本概念；基本物理效应；纳米材料的结构；高等数学A；大学英语；纳电子器件的基本原理和微加工技术
4班,2018104004,45,纳米材料与技术,纳米材料的基本概念；基本物理效应；纳米材料的结构；高等数学A；大学英语；纳电子器件的基本原理和微加工技术
5班,2018104005,49,纳米材料与技术,纳米材料的基本概念；基本物理效应；纳米材料的结构；高等数学A；大学英语；纳电子器件的基本原理和微加工技术
1班,2019104001,46,纳米材料与技术,纳米材料的基本概念；基本物理效应；纳米材料的结构；高等数学A；大学英语；纳电子器件的基本原理和微加工技术；形式与政策
2班,2019104002,47,纳米材料与技术,纳米材料的基本概念；基本物理效应；纳米材料的结构；高等数学A；大学英语；纳电子器件的基本原理和微加工技术；形式与政策
3班,2019104003,48,纳米材料与技术,纳米材料的基本概念；基本物理效应；纳米材料的结构；高等数学A；大学英语；纳电子器件的基本原理和微加工技术；形式与政策
4班,2019104004,52,纳米材料与技术,纳米材料的基本概念；基本物理效应；纳米材料的结构；高等数学A；大学英语；纳电子器件的基本原理和微加工技术；形式与政策
5班,2019104005,45,纳米材料与技术,纳米材料的基本概念；基本物理效应；纳米材料的结构；高等数学A；大学英语；纳电子器件的基本原理和微加工技术；形式与政策
1班,2016104101,48,能源与动力工程,工程力学；机械设计基础；电工电子技术；工程热力学；流体力学；传热学
2班,2016104102,47,能源与动力工程,工程力学；机械设计基础；电工电子技术；工程热力学；流体力学；传热学
3班,2016104103,54,能源与动力工程,工程力学；机械设计基础；电工电子技术；工程热力学；流体力学；传热学
4班,2016104104,46,能源与动力工程,工程力学；机械设计基础；电工电子技术；工程热力学；流体力学；传热学
5班,2016104105,53,能源与动力工程,工程力学；机械设计基础；电工电子技术；工程热力学；流体力学；传热学
1班,2017104101,47,能源与动力工程,工程力学；机械设计基础；电工电子技术；工程热力学；流体力学；传热学；高等数学A；大学英语
2班,2017104102,45,能源与动力工程,工程力学；机械设计基础；电工电子技术；工程热力学；流体力学；传热学；高等数学A；大学英语
3班,2017104103,49,能源与动力工程,工程力学；机械设计基础；电工电子技术；工程热力学；流体力学；传热学；高等数学A；大学英语
4班,2017104104,54,能源与动力工程,工程力学；机械设计基础；电工电子技术；工程热力学；流体力学；传热学；高等数学A；大学英语
5班,2017104105,54,能源与动力工程,工程力学；机械设计基础；电工电子技术；工程热力学；流体力学；传热学；高等数学A；大学英语
1班,2018104101,50,能源与动力工程,工程力学；机械设计基础；电工电子技术；工程热力学；流体力学；传热学；高等数学A；大学英语
2班,2018104102,52,能源与动力工程,工程力学；机械设计基础；电工电子技术；工程热力学；流体力学；传热学；高等数学A；大学英语
3班,2018104103,48,能源与动力工程,工程力学；机械设计基础；电工电子技术；工程热力学；流体力学；传热学；高等数学A；大学英语
4班,2018104104,46,能源与动力工程,工程力学；机械设计基础；电工电子技术；工程热力学；流体力学；传热学；高等数学A；大学英语
5班,2018104105,51,能源与动力工程,工程力学；机械设计基础；电工电子技术；工程热力学；流体力学；传热学；高等数学A；大学英语
1班,2019104101,53,能源与动力工程,工程力学；机械设计基础；电工电子技术；工程热力学；流体力学；传热学；高等数学B；大学英语；近代史；形势与政策
2班,2019104102,52,能源与动力工程,工程力学；机械设计基础；电工电子技术；工程热力学；流体力学；传热学；高等数学B；大学英语；近代史；形势与政策
3班,2019104103,49,能源与动力工程,工程力学；机械设计基础；电工电子技术；工程热力学；流体力学；传热学；高等数学B；大学英语；近代史；形势与政策
4班,2019104104,51,能源与动力工程,工程力学；机械设计基础；电工电子技术；工程热力学；流体力学；传热学；高等数学B；大学英语；近代史；形势与政策
5班,2019104105,49,能源与动力工程,工程力学；机械设计基础；电工电子技术；工程热力学；流体力学；传热学；高等数学B；大学英语；近代史；形势与政策
1班,2016104201,52,电缆工程,机械制图A；计算机绘图；电工基础；机械基础；电缆化学；电缆材料；电缆测试技术
2班,2016104202,47,电缆工程,机械制图A；计算机绘图；电工基础；机械基础；电缆化学；电缆材料；电缆测试技术
3班,2016104203,53,电缆工程,机械制图A；计算机绘图；电工基础；机械基础；电缆化学；电缆材料；电缆测试技术
4班,2016104204,48,电缆工程,机械制图A；计算机绘图；电工基础；机械基础；电缆化学；电缆材料；电缆测试技术
5班,2016104205,52,电缆工程,机械制图A；计算机绘图；电工基础；机械基础；电缆化学；电缆材料；电缆测试技术
1班,2017104201,46,电缆工程,机械制图A；计算机绘图；电工基础；机械基础；电缆化学；电缆材料；电缆测试技术
2班,2017104202,48,电缆工程,机械制图A；计算机绘图；电工基础；机械基础；电缆化学；电缆材料；电缆测试技术
3班,2017104203,53,电缆工程,机械制图A；计算机绘图；电工基础；机械基础；电缆化学；电缆材料；电缆测试技术
4班,2017104204,53,电缆工程,机械制图A；计算机绘图；电工基础；机械基础；电缆化学；电缆材料；电缆测试技术
5班,2017104205,53,电缆工程,机械制图A；计算机绘图；电工基础；机械基础；电缆化学；电缆材料；电缆测试技术
1班,2018104201,54,电缆工程,机械制图；计算机绘图；电工基础；机械基础；电缆化学；电缆材料；电缆测试技术；高等数学B；大学英语；近代史；国学经典
2班,2018104202,50,电缆工程,机械制图；计算机绘图；电工基础；机械基础；电缆化学；电缆材料；电缆测试技术；高等数学B；大学英语；近代史；国学经典
3班,2018104203,48,电缆工程,机械制图；计算机绘图；电工基础；机械基础；电缆化学；电缆材料；电缆测试技术；高等数学B；大学英语；近代史；国学经典
4班,2018104204,49,电缆工程,机械制图；计算机绘图；电工基础；机械基础；电缆化学；电缆材料；电缆测试技术；高等数学B；大学英语；近代史；国学经典
5班,2018104205,45,电缆工程,机械制图；计算机绘图；电工基础；机械基础；电缆化学；电缆材料；电缆测试技术；高等数学B；大学英语；近代史；国学经典
1班,2019104201,49,电缆工程,机械制图；计算机绘图；电工基础；机械基础；电缆化学；电缆材料；电缆测试技术；高等数学B；大学英语；近代史；国学经典；形势与政策
2班,2019104202,54,电缆工程,机械制图；计算机绘图；电工基础；机械基础；电缆化学；电缆材料；电缆测试技术；高等数学B；大学英语；近代史；国学经典；形势与政策
3班,2019104203,54,电缆工程,机械制图；计算机绘图；电工基础；机械基础；电缆化学；电缆材料；电缆测试技术；高等数学B；大学英语；近代史；国学经典；形势与政策
4班,2019104204,45,电缆工程,机械制图；计算机绘图；电工基础；机械基础；电缆化学；电缆材料；电缆测试技术；高等数学B；大学英语；近代史；国学经典；形势与政策
5班,2019104205,49,电缆工程,机械制图；计算机绘图；电工基础；机械基础；电缆化学；电缆材料；电缆测试技术；高等数学B；大学英语；近代史；国学经典；形势与政策
1班,2016104301,50,电子信息工程,电路理论；信号与系统；数字信号处理；电磁场理论；自动控制原理
2班,2016104302,54,电子信息工程,电路理论；信号与系统；数字信号处理；电磁场理论；自动控制原理
3班,2016104303,50,电子信息工程,电路理论；信号与系统；数字信号处理；电磁场理论；自动控制原理
4班,2016104304,48,电子信息工程,电路理论；信号与系统；数字信号处理；电磁场理论；自动控制原理
5班,2016104305,49,电子信息工程,电路理论；信号与系统；数字信号处理；电磁场理论；自动控制原理
1班,2017104301,45,电子信息工程,电路理论；信号与系统；数字信号处理；电磁场理论；自动控制原理；大学英语；高等数学A
2班,2017104302,47,电子信息工程,电路理论；信号与系统；数字信号处理；电磁场理论；自动控制原理；大学英语；高等数学A
3班,2017104303,49,电子信息工程,电路理论；信号与系统；数字信号处理；电磁场理论；自动控制原理；大学英语；高等数学A
4班,2017104304,48,电子信息工程,电路理论；信号与系统；数字信号处理；电磁场理论；自动控制原理；大学英语；高等数学A
5班,2017104305,54,电子信息工程,电路理论；信号与系统；数字信号处理；电磁场理论；自动控制原理；大学英语；高等数学A
1班,2018104301,54,电子信息工程,电路理论；信号与系统；数字信号处理；电磁场理论；自动控制原理；大学英语；高等数学A
2班,2018104302,48,电子信息工程,电路理论；信号与系统；数字信号处理；电磁场理论；自动控制原理；大学英语；高等数学A
3班,2018104303,49,电子信息工程,电路理论；信号与系统；数字信号处理；电磁场理论；自动控制原理；大学英语；高等数学A
4班,2018104304,48,电子信息工程,电路理论；信号与系统；数字信号处理；电磁场理论；自动控制原理；大学英语；高等数学A
5班,2018104305,50,电子信息工程,电路理论；信号与系统；数字信号处理；电磁场理论；自动控制原理；大学英语；高等数学A
1班,2019104301,53,电子信息工程,电路理论；信号与系统；数字信号处理；电磁场理论；自动控制原理；大学英语；高等数学B；近代史；国学经典；形势与政策
2班,2019104302,46,电子信息工程,电路理论；信号与系统；数字信号处理；电磁场理论；自动控制原理；大学英语；高等数学B；近代史；国学经典；形势与政策
3班,2019104303,54,电子信息工程,电路理论；信号与系统；数字信号处理；电磁场理论；自动控制原理；大学英语；高等数学B；近代史；国学经典；形势与政策
4班,2019104304,47,电子信息工程,电路理论；信号与系统；数字信号处理；电磁场理论；自动控制原理；大学英语；高等数学B；近代史；国学经典；形势与政策
5班,2019104305,52,电子信息工程,电路理论；信号与系统；数字信号处理；电磁场理论；自动控制原理；大学英语；高等数学B；近代史；国学经典；形势与政策
1班,2016104401,48,通信工程,电路分析；低频电子线路；脉冲与数字电路；电磁场理论；信号与系统；通讯原理；计算机网络通讯
2班,2016104402,47,通信工程,电路分析；低频电子线路；脉冲与数字电路；电磁场理论；信号与系统；通讯原理；计算机网络通讯
3班,2016104403,48,通信工程,电路分析；低频电子线路；脉冲与数字电路；电磁场理论；信号与系统；通讯原理；计算机网络通讯
4班,2016104404,50,通信工程,电路分析；低频电子线路；脉冲与数字电路；电磁场理论；信号与系统；通讯原理；计算机网络通讯
5班,2016104405,54,通信工程,电路分析；低频电子线路；脉冲与数字电路；电磁场理论；信号与系统；通讯原理；计算机网络通讯
1班,2017104401,47,通信工程,电路分析；低频电子线路；脉冲与数字电路；电磁场理论；信号与系统；通讯原理；计算机网络通讯
2班,2017104402,52,通信工程,电路分析；低频电子线路；脉冲与数字电路；电磁场理论；信号与系统；通讯原理；计算机网络通讯
3班,2017104403,50,通信工程,电路分析；低频电子线路；脉冲与数字电路；电磁场理论；信号与系统；通讯原理；计算机网络通讯
4班,2017104404,49,通信工程,电路分析；低频电子线路；脉冲与数字电路；电磁场理论；信号与系统；通讯原理；计算机网络通讯
5班,2017104405,54,通信工程,电路分析；低频电子线路；脉冲与数字电路；电磁场理论；信号与系统；通讯原理；计算机网络通讯
1班,2018104401,50,通信工程,电路分析；低频电子线路；脉冲与数字电路；电磁场理论；信号与系统；通讯原理；计算机网络通讯；高等数学B；大学英语
2班,2018104402,50,通信工程,电路分析；低频电子线路；脉冲与数字电路；电磁场理论；信号与系统；通讯原理；计算机网络通讯；高等数学B；大学英语
3班,2018104403,48,通信工程,电路分析；低频电子线路；脉冲与数字电路；电磁场理论；信号与系统；通讯原理；计算机网络通讯；高等数学B；大学英语
4班,2018104404,46,通信工程,电路分析；低频电子线路；脉冲与数字电路；电磁场理论；信号与系统；通讯原理；计算机网络通讯；高等数学B；大学英语
5班,2018104405,50,通信工程,电路分析；低频电子线路；脉冲与数字电路；电磁场理论；信号与系统；通讯原理；计算机网络通讯；高等数学B；大学英语
1班,2019104401,48,通信工程,电路分析；低频电子线路；脉冲与数字电路；电磁场理论；信号与系统；通讯原理；计算机网络通讯；高等数学B；大学英语；形势与政策；近代史
2班,2019104402,53,通信工程,电路分析；低频电子线路；脉冲与数字电路；电磁场理论；信号与系统；通讯原理；计算机网络通讯；高等数学B；大学英语；形势与政策；近代史
3班,2019104403,47,通信工程,电路分析；低频电子线路；脉冲与数字电路；电磁场理论；信号与系统；通讯原理；计算机网络通讯；高等数学B；大学英语；形势与政策；近代史
4班,2019104404,54,通信工程,电路分析；低频电子线路；脉冲与数字电路；电磁场理论；信号与系统；通讯原理；计算机网络通讯；高等数学B；大学英语；形势与政策；近代史
5班,2019104405,54,通信工程,电路分析；低频电子线路；脉冲与数字电路；电磁场理论；信号与系统；通讯原理；计算机网络通讯；高等数学B；大学英语；形势与政策；近代史
1班,2016104501,48,信息工程,电路与系统；数字信号处理；通信电子线路；信息论；编码理论
2班,2016104502,46,信息工程,电路与系统；数字信号处理；通信电子线路；信息论；编码理论
3班,2016104503,48,信息工程,电路与系统；数字信号处理；通信电子线路；信息论；编码理论
4班,2016104504,54,信息工程,电路与系统；数字信号处理；通信电子线路；信息论；编码理论
5班,2016104505,47,信息工程,电路与系统；数字信号处理；通信电子线路；信息论；编码理论
1班,2017104501,53,信息工程,电路与系统；数字信号处理；通信电子线路；信息论；编码理论
2班,2017104502,52,信息工程,电路与系统；数字信号处理；通信电子线路；信息论；编码理论
3班,2017104503,49,信息工程,电路与系统；数字信号处理；通信电子线路；信息论；编码理论
4班,2017104504,51,信息工程,电路与系统；数字信号处理；通信电子线路；信息论；编码理论
5班,2017104505,54,信息工程,电路与系统；数字信号处理；通信电子线路；信息论；编码理论
1班,2018104501,51,信息工程,电路与系统；数字信号处理；通信电子线路；信息论；编码理论；大学英语
2班,2018104502,48,信息工程,电路与系统；数字信号处理；通信电子线路；信息论；编码理论；大学英语
3班,2018104503,49,信息工程,电路与系统；数字信号处理；通信电子线路；信息论；编码理论；大学英语
4班,2018104504,51,信息工程,电路与系统；数字信号处理；通信电子线路；信息论；编码理论；大学英语
5班,2018104505,53,信息工程,电路与系统；数字信号处理；通信电子线路；信息论；编码理论；大学英语
1班,2019104501,47,信息工程,电路与系统；数字信号处理；通信电子线路；信息论；编码理论；大学英语；高等数学B；近代史；国学经典；线性代数；形势与政策
2班,2019104502,53,信息工程,电路与系统；数字信号处理；通信电子线路；信息论；编码理论；大学英语；高等数学B；近代史；国学经典；线性代数；形势与政策
3班,2019104503,49,信息工程,电路与系统；数字信号处理；通信电子线路；信息论；编码理论；大学英语；高等数学B；近代史；国学经典；线性代数；形势与政策
4班,2019104504,51,信息工程,电路与系统；数字信号处理；通信电子线路；信息论；编码理论；大学英语；高等数学B；近代史；国学经典；线性代数；形势与政策
5班,2019104505,52,信息工程,电路与系统；数字信号处理；通信电子线路；信息论；编码理论；大学英语；高等数学B；近代史；国学经典；线性代数；形势与政策
1班,2016104601,53,广播电视工程,计算机应用技术；广播电视技术；多媒体技术；数字电视技术；数字影视制作技术
2班,2016104602,45,广播电视工程,计算机应用技术；广播电视技术；多媒体技术；数字电视技术；数字影视制作技术
3班,2016104603,51,广播电视工程,计算机应用技术；广播电视技术；多媒体技术；数字电视技术；数字影视制作技术
4班,2016104604,52,广播电视工程,计算机应用技术；广播电视技术；多媒体技术；数字电视技术；数字影视制作技术
5班,2016104605,51,广播电视工程,计算机应用技术；广播电视技术；多媒体技术；数字电视技术；数字影视制作技术
1班,2017104601,48,广播电视工程,高等数学B；大学英语；计算机应用技术；广播电视技术；多媒体技术；数字电视技术；数字影视制作技术
2班,2017104602,45,广播电视工程,高等数学B；大学英语；计算机应用技术；广播电视技术；多媒体技术；数字电视技术；数字影视制作技术
3班,2017104603,51,广播电视工程,高等数学B；大学英语；计算机应用技术；广播电视技术；多媒体技术；数字电视技术；数字影视制作技术
4班,2017104604,54,广播电视工程,高等数学B；大学英语；计算机应用技术；广播电视技术；多媒体技术；数字电视技术；数字影视制作技术
5班,2017104605,54,广播电视工程,高等数学B；大学英语；计算机应用技术；广播电视技术；多媒体技术；数字电视技术；数字影视制作技术
1班,2018104601,48,广播电视工程,高等数学B；大学英语；计算机应用技术；广播电视技术；多媒体技术；数字电视技术；数字影视制作技术
2班,2018104602,46,广播电视工程,高等数学B；大学英语；计算机应用技术；广播电视技术；多媒体技术；数字电视技术；数字影视制作技术
3班,2018104603,52,广播电视工程,高等数学B；大学英语；计算机应用技术；广播电视技术；多媒体技术；数字电视技术；数字影视制作技术
4班,2018104604,49,广播电视工程,高等数学B；大学英语；计算机应用技术；广播电视技术；多媒体技术；数字电视技术；数字影视制作技术
5班,2018104605,47,广播电视工程,高等数学B；大学英语；计算机应用技术；广播电视技术；多媒体技术；数字电视技术；数字影视制作技术
1班,2019104601,52,广播电视工程,高等数学B；大学英语；计算机应用技术；广播电视技术；多媒体技术；数字电视技术；数字影视制作技术；近代史；形势与政策
2班,2019104602,54,广播电视工程,高等数学B；大学英语；计算机应用技术；广播电视技术；多媒体技术；数字电视技术；数字影视制作技术；近代史；形势与政策
3班,2019104603,52,广播电视工程,高等数学B；大学英语；计算机应用技术；广播电视技术；多媒体技术；数字电视技术；数字影视制作技术；近代史；形势与政策
4班,2019104604,49,广播电视工程,高等数学B；大学英语；计算机应用技术；广播电视技术；多媒体技术；数字电视技术；数字影视制作技术；近代史；形势与政策
5班,2019104605,52,广播电视工程,高等数学B；大学英语；计算机应用技术；广播电视技术；多媒体技术；数字电视技术；数字影视制作技术；近代史；形势与政策
1班,2016104701,49,人工智能,神经科学基础；语言与思维；计算神经工程；人工智能核心；人工智能平台与工具
2班,2016104702,46,人工智能,神经科学基础；语言与思维；计算神经工程；人工智能核心；人工智能平台与工具
3班,2016104703,46,人工智能,神经科学基础；语言与思维；计算神经工程；人工智能核心；人工智能平台与工具
4班,2016104704,49,人工智能,神经科学基础；语言与思维；计算神经工程；人工智能核心；人工智能平台与工具
5班,2016104705,46,人工智能,神经科学基础；语言与思维；计算神经工程；人工智能核心；人工智能平台与工具
1班,2017104701,46,人工智能,神经科学基础；语言与思维；计算神经工程；人工智能核心；人工智能平台与工具
2班,2017104702,46,人工智能,神经科学基础；语言与思维；计算神经工程；人工智能核心；人工智能平台与工具
3班,2017104703,50,人工智能,神经科学基础；语言与思维；计算神经工程；人工智能核心；人工智能平台与工具
4班,2017104704,48,人工智能,神经科学基础；语言与思维；计算神经工程；人工智能核心；人工智能平台与工具
5班,2017104705,52,人工智能,神经科学基础；语言与思维；计算神经工程；人工智能核心；人工智能平台与工具
1班,2018104701,54,人工智能,神经科学基础；语言与思维；计算神经工程；人工智能核心；人工智能平台与工具；高等数学B；大学英语；认知心理学
2班,2018104702,52,人工智能,神经科学基础；语言与思维；计算神经工程；人工智能核心；人工智能平台与工具；高等数学B；大学英语；认知心理学
3班,2018104703,50,人工智能,神经科学基础；语言与思维；计算神经工程；人工智能核心；人工智能平台与工具；高等数学B；大学英语；认知心理学
4班,2018104704,48,人工智能,神经科学基础；语言与思维；计算神经工程；人工智能核心；人工智能平台与工具；高等数学B；大学英语；认知心理学
5班,2018104705,46,人工智能,神经科学基础；语言与思维；计算神经工程；人工智能核心；人工智能平台与工具；高等数学B；大学英语；认知心理学
1班,2019104701,48,人工智能,神经科学基础；语言与思维；计算神经工程；人工智能核心；人工智能平台与工具；高等数学B；大学英语；认知心理学；形势与政策
2班,2019104702,52,人工智能,神经科学基础；语言与思维；计算神经工程；人工智能核心；人工智能平台与工具；高等数学B；大学英语；认知心理学；形势与政策
3班,2019104703,53,人工智能,神经科学基础；语言与思维；计算神经工程；人工智能核心；人工智能平台与工具；高等数学B；大学英语；认知心理学；形势与政策
4班,2019104704,45,人工智能,神经科学基础；语言与思维；计算神经工程；人工智能核心；人工智能平台与工具；高等数学B；大学英语；认知心理学；形势与政策
5班,2019104705,46,人工智能,神经科学基础；语言与思维；计算神经工程；人工智能核心；人工智能平台与工具；高等数学B；大学英语；认知心理学；形势与政策
1班,2016104801,50,自动化,电路原理；电子技术基础；计算机原理及应用；电力电子技术；自动控制理论
2班,2016104802,46,自动化,电路原理；电子技术基础；计算机原理及应用；电力电子技术；自动控制理论
3班,2016104803,47,自动化,电路原理；电子技术基础；计算机原理及应用；电力电子技术；自动控制理论
4班,2016104804,46,自动化,电路原理；电子技术基础；计算机原理及应用；电力电子技术；自动控制理论
5班,2016104805,52,自动化,电路原理；电子技术基础；计算机原理及应用；电力电子技术；自动控制理论
1班,2017104801,50,自动化,电路原理；电子技术基础；计算机原理及应用；电力电子技术；自动控制理论
2班,2017104802,53,自动化,电路原理；电子技术基础；计算机原理及应用；电力电子技术；自动控制理论
3班,2017104803,46,自动化,电路原理；电子技术基础；计算机原理及应用；电力电子技术；自动控制理论
4班,2017104804,46,自动化,电路原理；电子技术基础；计算机原理及应用；电力电子技术；自动控制理论
5班,2017104805,54,自动化,电路原理；电子技术基础；计算机原理及应用；电力电子技术；自动控制理论
1班,2018104801,49,自动化,电路原理；电子技术基础；计算机原理及应用；电力电子技术；自动控制理论；高等数学B；大学英语
2班,2018104802,51,自动化,电路原理；电子技术基础；计算机原理及应用；电力电子技术；自动控制理论；高等数学B；大学英语
3班,2018104803,54,自动化,电路原理；电子技术基础；计算机原理及应用；电力电子技术；自动控制理论；高等数学B；大学英语
4班,2018104804,50,自动化,电路原理；电子技术基础；计算机原理及应用；电力电子技术；自动控制理论；高等数学B；大学英语
5班,2018104805,50,自动化,电路原理；电子技术基础；计算机原理及应用；电力电子技术；自动控制理论；高等数学B；大学英语
1班,2019104801,46,自动化,电路原理；电子技术基础；计算机原理及应用；电力电子技术；自动控制理论；高等数学B；大学英语；近代史；形势与政策
2班,2019104802,50,自动化,电路原理；电子技术基础；计算机原理及应用；电力电子技术；自动控制理论；高等数学B；大学英语；近代史；形势与政策
3班,2019104803,52,自动化,电路原理；电子技术基础；计算机原理及应用；电力电子技术；自动控制理论；高等数学B；大学英语；近代史；形势与政策
4班,2019104804,54,自动化,电路原理；电子技术基础；计算机原理及应用；电力电子技术；自动控制理论；高等数学B；大学英语；近代史；形势与政策
5班,2019104805,54,自动化,电路原理；电子技术基础；计算机原理及应用；电力电子技术；自动控制理论；高等数学B；大学英语；近代史；形势与政策
1班,2016104901,47,机器人工程,电工学；机器人机械系统；机器视觉；机器人控制技术；单机片原理及应用；python人工智能开发；机器人编程
2班,2016104902,49,机器人工程,电工学；机器人机械系统；机器视觉；机器人控制技术；单机片原理及应用；python人工智能开发；机器人编程
3班,2016104903,52,机器人工程,电工学；机器人机械系统；机器视觉；机器人控制技术；单机片原理及应用；python人工智能开发；机器人编程
4班,2016104904,46,机器人工程,电工学；机器人机械系统；机器视觉；机器人控制技术；单机片原理及应用；python人工智能开发；机器人编程
5班,2016104905,54,机器人工程,电工学；机器人机械系统；机器视觉；机器人控制技术；单机片原理及应用；python人工智能开发；机器人编程
1班,2017104901,50,机器人工程,电工学；机器人机械系统；机器视觉；机器人控制技术；单机片原理及应用；python人工智能开发；机器人编程
2班,2017104902,46,机器人工程,电工学；机器人机械系统；机器视觉；机器人控制技术；单机片原理及应用；python人工智能开发；机器人编程
3班,2017104903,45,机器人工程,电工学；机器人机械系统；机器视觉；机器人控制技术；单机片原理及应用；python人工智能开发；机器人编程
4班,2017104904,46,机器人工程,电工学；机器人机械系统；机器视觉；机器人控制技术；单机片原理及应用；python人工智能开发；机器人编程
5班,2017104905,45,机器人工程,电工学；机器人机械系统；机器视觉；机器人控制技术；单机片原理及应用；python人工智能开发；机器人编程
1班,2018104901,54,机器人工程,电工学；机器人机械系统；机器视觉；机器人控制技术；单机片原理及应用；python人工智能开发；机器人编程；大学英语；高等数学B
2班,2018104902,48,机器人工程,电工学；机器人机械系统；机器视觉；机器人控制技术；单机片原理及应用；python人工智能开发；机器人编程；大学英语；高等数学B
3班,2018104903,53,机器人工程,电工学；机器人机械系统；机器视觉；机器人控制技术；单机片原理及应用；python人工智能开发；机器人编程；大学英语；高等数学B
4班,2018104904,49,机器人工程,电工学；机器人机械系统；机器视觉；机器人控制技术；单机片原理及应用；python人工智能开发；机器人编程；大学英语；高等数学B
5班,2018104905,54,机器人工程,电工学；机器人机械系统；机器视觉；机器人控制技术；单机片原理及应用；python人工智能开发；机器人编程；大学英语；高等数学B
1班,2019104901,46,机器人工程,电工学；机器人机械系统；机器视觉；机器人控制技术；单机片原理及应用；python人工智能开发；机器人编程；大学英语；高等数学B；形势与政策
2班,2019104902,47,机器人工程,电工学；机器人机械系统；机器视觉；机器人控制技术；单机片原理及应用；python人工智能开发；机器人编程；大学英语；高等数学B；形势与政策
3班,2019104903,53,机器人工程,电工学；机器人机械系统；机器视觉；机器人控制技术；单机片原理及应用；python人工智能开发；机器人编程；大学英语；高等数学B；形势与政策
4班,2019104904,54,机器人工程,电工学；机器人机械系统；机器视觉；机器人控制技术；单机片原理及应用；python人工智能开发；机器人编程；大学英语；高等数学B；形势与政策
5班,2019104905,49,机器人工程,电工学；机器人机械系统；机器视觉；机器人控制技术；单机片原理及应用；python人工智能开发；机器人编程；大学英语；高等数学B；形势与政策
1班,2016105001,48,计算机科学与技术,电路原理；模拟电子技术；数字逻辑；数字分析；计算机系统结构；计算机网络；高级语言；汇编语言；数据结构
2班,2016105002,53,计算机科学与技术,电路原理；模拟电子技术；数字逻辑；数字分析；计算机系统结构；计算机网络；高级语言；汇编语言；数据结构
3班,2016105003,46,计算机科学与技术,电路原理；模拟电子技术；数字逻辑；数字分析；计算机系统结构；计算机网络；高级语言；汇编语言；数据结构
4班,2016105004,54,计算机科学与技术,电路原理；模拟电子技术；数字逻辑；数字分析；计算机系统结构；计算机网络；高级语言；汇编语言；数据结构
5班,2016105005,48,计算机科学与技术,电路原理；模拟电子技术；数字逻辑；数字分析；计算机系统结构；计算机网络；高级语言；汇编语言；数据结构
1班,2017105001,48,计算机科学与技术,电路原理；模拟电子技术；数字逻辑；数字分析；计算机系统结构；计算机网络；高级语言；汇编语言；数据结构
2班,2017105002,50,计算机科学与技术,电路原理；模拟电子技术；数字逻辑；数字分析；计算机系统结构；计算机网络；高级语言；汇编语言；数据结构
3班,2017105003,54,计算机科学与技术,电路原理；模拟电子技术；数字逻辑；数字分析；计算机系统结构；计算机网络；高级语言；汇编语言；数据结构
4班,2017105004,51,计算机科学与技术,电路原理；模拟电子技术；数字逻辑；数字分析；计算机系统结构；计算机网络；高级语言；汇编语言；数据结构
5班,2017105005,46,计算机科学与技术,电路原理；模拟电子技术；数字逻辑；数字分析；计算机系统结构；计算机网络；高级语言；汇编语言；数据结构
1班,2018105001,50,计算机科学与技术,电路原理；模拟电子技术；数字逻辑；数字分析；计算机系统结构；计算机网络；高级语言；汇编语言；数据结构；高等数学B；大学英语；计算机原理
2班,2018105002,53,计算机科学与技术,电路原理；模拟电子技术；数字逻辑；数字分析；计算机系统结构；计算机网络；高级语言；汇编语言；数据结构；高等数学B；大学英语；计算机原理
3班,2018105003,45,计算机科学与技术,电路原理；模拟电子技术；数字逻辑；数字分析；计算机系统结构；计算机网络；高级语言；汇编语言；数据结构；高等数学B；大学英语；计算机原理
4班,2018105004,50,计算机科学与技术,电路原理；模拟电子技术；数字逻辑；数字分析；计算机系统结构；计算机网络；高级语言；汇编语言；数据结构；高等数学B；大学英语；计算机原理
5班,2018105005,50,计算机科学与技术,电路原理；模拟电子技术；数字逻辑；数字分析；计算机系统结构；计算机网络；高级语言；汇编语言；数据结构；高等数学B；大学英语；计算机原理
1班,2019105001,46,计算机科学与技术,电路原理；模拟电子技术；数字逻辑；数字分析；计算机系统结构；计算机网络；高级语言；汇编语言；数据结构；高等数学B；大学英语；计算机原理
2班,2019105002,53,计算机科学与技术,电路原理；模拟电子技术；数字逻辑；数字分析；计算机系统结构；计算机网络；高级语言；汇编语言；数据结构；高等数学B；大学英语；计算机原理
3班,2019105003,48,计算机科学与技术,电路原理；模拟电子技术；数字逻辑；数字分析；计算机系统结构；计算机网络；高级语言；汇编语言；数据结构；高等数学B；大学英语；计算机原理
4班,2019105004,48,计算机科学与技术,电路原理；模拟电子技术；数字逻辑；数字分析；计算机系统结构；计算机网络；高级语言；汇编语言；数据结构；高等数学B；大学英语；计算机原理
5班,2019105005,50,计算机科学与技术,电路原理；模拟电子技术；数字逻辑；数字分析；计算机系统结构；计算机网络；高级语言；汇编语言；数据结构；高等数学B；大学英语；计算机原理
1班,2016105101,49,软件工程,c语言程序设计基础；大学计算机基础；离散数学；线性代数；近代史；国学经典；大学物理B2
2班,2016105102,47,软件工程,c语言程序设计基础；大学计算机基础；离散数学；线性代数；近代史；国学经典；大学物理B2
3班,2016105103,54,软件工程,c语言程序设计基础；大学计算机基础；离散数学；线性代数；近代史；国学经典；大学物理B2
4班,2016105104,53,软件工程,c语言程序设计基础；大学计算机基础；离散数学；线性代数；近代史；国学经典；大学物理B2
5班,2016105105,47,软件工程,c语言程序设计基础；大学计算机基础；离散数学；线性代数；近代史；国学经典；大学物理B2
1班,2017105101,49,软件工程,c语言程序设计基础；大学计算机基础；离散数学；线性代数；近代史；国学经典；大学物理B1；大学英语
2班,2017105102,48,软件工程,c语言程序设计基础；大学计算机基础；离散数学；线性代数；近代史；国学经典；大学物理B1；大学英语
3班,2017105103,50,软件工程,c语言程序设计基础；大学计算机基础；离散数学；线性代数；近代史；国学经典；大学物理B1；大学英语
4班,2017105104,46,软件工程,c语言程序设计基础；大学计算机基础；离散数学；线性代数；近代史；国学经典；大学物理B1；大学英语
5班,2017105105,47,软件工程,c语言程序设计基础；大学计算机基础；离散数学；线性代数；近代史；国学经典；大学物理B1；大学英语
1班,2018105101,50,软件工程,c语言程序设计基础；大学计算机基础；离散数学；线性代数；近代史；国学经典；大学物理B1；大学英语；高等数学B；近代史
2班,2018105102,47,软件工程,c语言程序设计基础；大学计算机基础；离散数学；线性代数；近代史；国学经典；大学物理B1；大学英语；高等数学B；近代史
3班,2018105103,49,软件工程,c语言程序设计基础；大学计算机基础；离散数学；线性代数；近代史；国学经典；大学物理B1；大学英语；高等数学B；近代史
4班,2018105104,52,软件工程,c语言程序设计基础；大学计算机基础；离散数学；线性代数；近代史；国学经典；大学物理B1；大学英语；高等数学B；近代史
5班,2018105105,48,软件工程,c语言程序设计基础；大学计算机基础；离散数学；线性代数；近代史；国学经典；大学物理B1；大学英语；高等数学B；近代史
1班,2019105101,46,软件工程,c语言程序设计基础；大学计算机基础；离散数学；线性代数；近代史；国学经典；大学物理B1；大学英语；高等数学B；近代史；国学经典；形势与政策
2班,2019105102,54,软件工程,c语言程序设计基础；大学计算机基础；离散数学；线性代数；近代史；国学经典；大学物理B2；大学英语；高等数学B；近代史；国学经典；形势与政策
3班,2019105103,46,软件工程,c语言程序设计基础；大学计算机基础；离散数学；线性代数；近代史；国学经典；大学物理B3；大学英语；高等数学B；近代史；国学经典；形势与政策
4班,2019105104,48,软件工程,c语言程序设计基础；大学计算机基础；离散数学；线性代数；近代史；国学经典；大学物理B4；大学英语；高等数学B；近代史；国学经典；形势与政策
5班,2019105105,47,软件工程,c语言程序设计基础；大学计算机基础；离散数学；线性代数；近代史；国学经典；大学物理B5；大学英语；高等数学B；近代史；国学经典；形势与政策
1班,2016105201,49,物联网工程,电子科学技术；大学英语；大学物理B1；物联网概论；计算机科学与技术；通信原理；无线传感器网络；物联网安全技术
2班,2016105202,50,物联网工程,电子科学技术；大学英语；大学物理B1；物联网概论；计算机科学与技术；通信原理；无线传感器网络；物联网安全技术
3班,2016105203,48,物联网工程,电子科学技术；大学英语；大学物理B1；物联网概论；计算机科学与技术；通信原理；无线传感器网络；物联网安全技术
4班,2016105204,49,物联网工程,电子科学技术；大学英语；大学物理B1；物联网概论；计算机科学与技术；通信原理；无线传感器网络；物联网安全技术
5班,2016105205,49,物联网工程,电子科学技术；大学英语；大学物理B1；物联网概论；计算机科学与技术；通信原理；无线传感器网络；物联网安全技术
1班,2017105201,54,物联网工程,电子科学技术；大学英语；大学物理B1；物联网概论；计算机科学与技术；通信原理；无线传感器网络；物联网安全技术
2班,2017105202,47,物联网工程,电子科学技术；大学英语；大学物理B1；物联网概论；计算机科学与技术；通信原理；无线传感器网络；物联网安全技术
3班,2017105203,51,物联网工程,电子科学技术；大学英语；大学物理B1；物联网概论；计算机科学与技术；通信原理；无线传感器网络；物联网安全技术
4班,2017105204,49,物联网工程,电子科学技术；大学英语；大学物理B1；物联网概论；计算机科学与技术；通信原理；无线传感器网络；物联网安全技术
5班,2017105205,48,物联网工程,电子科学技术；大学英语；大学物理B1；物联网概论；计算机科学与技术；通信原理；无线传感器网络；物联网安全技术
1班,2018105201,51,物联网工程,电子科学技术；大学英语；大学物理B1；物联网概论；计算机科学与技术；通信原理；无线传感器网络；物联网安全技术；近代史；高等数学B
2班,2018105202,47,物联网工程,电子科学技术；大学英语；大学物理B1；物联网概论；计算机科学与技术；通信原理；无线传感器网络；物联网安全技术；近代史；高等数学B
3班,2018105203,45,物联网工程,电子科学技术；大学英语；大学物理B1；物联网概论；计算机科学与技术；通信原理；无线传感器网络；物联网安全技术；近代史；高等数学B
4班,2018105204,50,物联网工程,电子科学技术；大学英语；大学物理B1；物联网概论；计算机科学与技术；通信原理；无线传感器网络；物联网安全技术；近代史；高等数学B
5班,2018105205,46,物联网工程,电子科学技术；大学英语；大学物理B1；物联网概论；计算机科学与技术；通信原理；无线传感器网络；物联网安全技术；近代史；高等数学B
1班,2019105201,52,物联网工程,电子科学技术；大学英语；大学物理B1；物联网概论；计算机科学与技术；通信原理；无线传感器网络；物联网安全技术；近代史；高等数学B；形势与政策
2班,2019105202,47,物联网工程,电子科学技术；大学英语；大学物理B1；物联网概论；计算机科学与技术；通信原理；无线传感器网络；物联网安全技术；近代史；高等数学B；形势与政策
3班,2019105203,46,物联网工程,电子科学技术；大学英语；大学物理B1；物联网概论；计算机科学与技术；通信原理；无线传感器网络；物联网安全技术；近代史；高等数学B；形势与政策
4班,2019105204,52,物联网工程,电子科学技术；大学英语；大学物理B1；物联网概论；计算机科学与技术；通信原理；无线传感器网络；物联网安全技术；近代史；高等数学B；形势与政策
5班,2019105205,52,物联网工程,电子科学技术；大学英语；大学物理B1；物联网概论；计算机科学与技术；通信原理；无线传感器网络；物联网安全技术；近代史；高等数学B；形势与政策
1班,2016105301,49,数字媒体技术,程序设计语言；素描；动画概论；数字平面艺术；数字色彩艺术；数字立体艺术；CAD技术；JAVA语言；网页设计；动画原理与技术
2班,2016105302,50,数字媒体技术,程序设计语言；素描；动画概论；数字平面艺术；数字色彩艺术；数字立体艺术；CAD技术；JAVA语言；网页设计；动画原理与技术
3班,2016105303,52,数字媒体技术,程序设计语言；素描；动画概论；数字平面艺术；数字色彩艺术；数字立体艺术；CAD技术；JAVA语言；网页设计；动画原理与技术
4班,2016105304,50,数字媒体技术,程序设计语言；素描；动画概论；数字平面艺术；数字色彩艺术；数字立体艺术；CAD技术；JAVA语言；网页设计；动画原理与技术
5班,2016105305,46,数字媒体技术,程序设计语言；素描；动画概论；数字平面艺术；数字色彩艺术；数字立体艺术；CAD技术；JAVA语言；网页设计；动画原理与技术
1班,2017105301,48,数字媒体技术,程序设计语言；素描；动画概论；数字平面艺术；数字色彩艺术；数字立体艺术；CAD技术；JAVA语言；网页设计；动画原理与技术
2班,2017105302,46,数字媒体技术,程序设计语言；素描；动画概论；数字平面艺术；数字色彩艺术；数字立体艺术；CAD技术；JAVA语言；网页设计；动画原理与技术
3班,2017105303,49,数字媒体技术,程序设计语言；素描；动画概论；数字平面艺术；数字色彩艺术；数字立体艺术；CAD技术；JAVA语言；网页设计；动画原理与技术
4班,2017105304,49,数字媒体技术,程序设计语言；素描；动画概论；数字平面艺术；数字色彩艺术；数字立体艺术；CAD技术；JAVA语言；网页设计；动画原理与技术
5班,2017105305,47,数字媒体技术,程序设计语言；素描；动画概论；数字平面艺术；数字色彩艺术；数字立体艺术；CAD技术；JAVA语言；网页设计；动画原理与技术
1班,2018105301,48,数字媒体技术,程序设计语言；素描；动画概论；数字平面艺术；数字色彩艺术；数字立体艺术；CAD技术；JAVA语言；网页设计；动画原理与技术
2班,2018105302,53,数字媒体技术,程序设计语言；素描；动画概论；数字平面艺术；数字色彩艺术；数字立体艺术；CAD技术；JAVA语言；网页设计；动画原理与技术
3班,2018105303,54,数字媒体技术,程序设计语言；素描；动画概论；数字平面艺术；数字色彩艺术；数字立体艺术；CAD技术；JAVA语言；网页设计；动画原理与技术
4班,2018105304,51,数字媒体技术,程序设计语言；素描；动画概论；数字平面艺术；数字色彩艺术；数字立体艺术；CAD技术；JAVA语言；网页设计；动画原理与技术
5班,2018105305,53,数字媒体技术,程序设计语言；素描；动画概论；数字平面艺术；数字色彩艺术；数字立体艺术；CAD技术；JAVA语言；网页设计；动画原理与技术
1班,2019105301,54,数字媒体技术,程序设计语言；素描；动画概论；数字平面艺术；数字色彩艺术；高等数学B；大学英语；数字立体艺术；CAD技术；JAVA语言；网页设计；动画原理与技术
2班,2019105302,53,数字媒体技术,程序设计语言；素描；动画概论；数字平面艺术；数字色彩艺术；高等数学B；大学英语；数字立体艺术；CAD技术；JAVA语言；网页设计；动画原理与技术
3班,2019105303,54,数字媒体技术,程序设计语言；素描；动画概论；数字平面艺术；数字色彩艺术；高等数学B；大学英语；数字立体艺术；CAD技术；JAVA语言；网页设计；动画原理与技术
4班,2019105304,52,数字媒体技术,程序设计语言；素描；动画概论；数字平面艺术；数字色彩艺术；高等数学B；大学英语；数字立体艺术；CAD技术；JAVA语言；网页设计；动画原理与技术
5班,2019105305,53,数字媒体技术,程序设计语言；素描；动画概论；数字平面艺术；数字色彩艺术；高等数学B；大学英语；数字立体艺术；CAD技术；JAVA语言；网页设计；动画原理与技术
1班,2016105401,46,经济学,政治经济学；统计学；国际经济学；财政学；国际金融；国际贸易A；数理统计；大学英语
2班,2016105402,52,经济学,政治经济学；统计学；国际经济学；财政学；国际金融；国际贸易A；数理统计；大学英语
3班,2016105403,46,经济学,政治经济学；统计学；国际经济学；财政学；国际金融；国际贸易A；数理统计；大学英语
4班,2016105404,54,经济学,政治经济学；统计学；国际经济学；财政学；国际金融；国际贸易A；数理统计；大学英语
5班,2016105405,52,经济学,政治经济学；统计学；国际经济学；财政学；国际金融；国际贸易A；数理统计；大学英语
1班,2017105401,53,经济学,政治经济学；统计学；国际经济学；财政学；国际金融；国际贸易A；数理统计；大学英语
2班,2017105402,46,经济学,政治经济学；统计学；国际经济学；财政学；国际金融；国际贸易A；数理统计；大学英语
3班,2017105403,49,经济学,政治经济学；统计学；国际经济学；财政学；国际金融；国际贸易A；数理统计；大学英语
4班,2017105404,47,经济学,政治经济学；统计学；国际经济学；财政学；国际金融；国际贸易A；数理统计；大学英语
5班,2017105405,50,经济学,政治经济学；统计学；国际经济学；财政学；国际金融；国际贸易A；数理统计；大学英语
1班,2018105401,49,经济学,政治经济学；统计学；国际经济学；财政学；国际金融；国际贸易B；数理统计；大学英语；高等数学B；概率论
2班,2018105402,52,经济学,政治经济学；统计学；国际经济学；财政学；国际金融；国际贸易B；数理统计；大学英语；高等数学B；概率论
3班,2018105403,45,经济学,政治经济学；统计学；国际经济学；财政学；国际金融；国际贸易B；数理统计；大学英语；高等数学B；概率论
4班,2018105404,47,经济学,政治经济学；统计学；国际经济学；财政学；国际金融；国际贸易B；数理统计；大学英语；高等数学B；概率论
5班,2018105405,49,经济学,政治经济学；统计学；国际经济学；财政学；国际金融；国际贸易B；数理统计；大学英语；高等数学B；概率论
1班,2019105401,54,经济学,政治经济学；统计学；国际经济学；财政学；国际金融；国际贸易B；数理统计；大学英语；高等数学B；概率论；近代史；国学经典；形势与政策
2班,2019105402,49,经济学,政治经济学；统计学；国际经济学；财政学；国际金融；国际贸易B；数理统计；大学英语；高等数学B；概率论；近代史；国学经典；形势与政策
3班,2019105403,49,经济学,政治经济学；统计学；国际经济学；财政学；国际金融；国际贸易B；数理统计；大学英语；高等数学B；概率论；近代史；国学经典；形势与政策
4班,2019105404,52,经济学,政治经济学；统计学；国际经济学；财政学；国际金融；国际贸易B；数理统计；大学英语；高等数学B；概率论；近代史；国学经典；形势与政策
5班,2019105405,47,经济学,政治经济学；统计学；国际经济学；财政学；国际金融；国际贸易B；数理统计；大学英语；高等数学B；概率论；近代史；国学经典；形势与政策
1班,2016105501,45,学前教育,视唱练耳；基础乐理；美术绘画；舞蹈；幼儿园课程；幼儿教育心理学；学前教育学
2班,2016105502,49,学前教育,视唱练耳；基础乐理；美术绘画；舞蹈；幼儿园课程；幼儿教育心理学；学前教育学
3班,2016105503,50,学前教育,视唱练耳；基础乐理；美术绘画；舞蹈；幼儿园课程；幼儿教育心理学；学前教育学
4班,2016105504,49,学前教育,视唱练耳；基础乐理；美术绘画；舞蹈；幼儿园课程；幼儿教育心理学；学前教育学
5班,2016105505,46,学前教育,视唱练耳；基础乐理；美术绘画；舞蹈；幼儿园课程；幼儿教育心理学；学前教育学
1班,2017105501,51,学前教育,视唱练耳；基础乐理；美术绘画；舞蹈；幼儿园课程；幼儿教育心理学；学前教育学
2班,2017105502,51,学前教育,视唱练耳；基础乐理；美术绘画；舞蹈；幼儿园课程；幼儿教育心理学；学前教育学
3班,2017105503,53,学前教育,视唱练耳；基础乐理；美术绘画；舞蹈；幼儿园课程；幼儿教育心理学；学前教育学
4班,2017105504,47,学前教育,视唱练耳；基础乐理；美术绘画；舞蹈；幼儿园课程；幼儿教育心理学；学前教育学
5班,2017105505,53,学前教育,视唱练耳；基础乐理；美术绘画；舞蹈；幼儿园课程；幼儿教育心理学；学前教育学
1班,2018105501,50,学前教育,视唱练耳；基础乐理；美术绘画；舞蹈；幼儿园课程；幼儿教育心理学；学前教育学；大学英语；高等数学B
2班,2018105502,49,学前教育,视唱练耳；基础乐理；美术绘画；舞蹈；幼儿园课程；幼儿教育心理学；学前教育学；大学英语；高等数学B
3班,2018105503,49,学前教育,视唱练耳；基础乐理；美术绘画；舞蹈；幼儿园课程；幼儿教育心理学；学前教育学；大学英语；高等数学B
4班,2018105504,54,学前教育,视唱练耳；基础乐理；美术绘画；舞蹈；幼儿园课程；幼儿教育心理学；学前教育学；大学英语；高等数学B
5班,2018105505,53,学前教育,视唱练耳；基础乐理；美术绘画；舞蹈；幼儿园课程；幼儿教育心理学；学前教育学；大学英语；高等数学B
1班,2019105501,46,学前教育,视唱练耳；基础乐理；美术绘画；舞蹈；幼儿园课程；幼儿教育心理学；学前教育学；大学英语；高等数学B；近代史；线性代数；形势与政策；国学经典
2班,2019105502,54,学前教育,视唱练耳；基础乐理；美术绘画；舞蹈；幼儿园课程；幼儿教育心理学；学前教育学；大学英语；高等数学B；近代史；线性代数；形势与政策；国学经典
3班,2019105503,53,学前教育,视唱练耳；基础乐理；美术绘画；舞蹈；幼儿园课程；幼儿教育心理学；学前教育学；大学英语；高等数学B；近代史；线性代数；形势与政策；国学经典
4班,2019105504,54,学前教育,视唱练耳；基础乐理；美术绘画；舞蹈；幼儿园课程；幼儿教育心理学；学前教育学；大学英语；高等数学B；近代史；线性代数；形势与政策；国学经典
5班,2019105505,45,学前教育,视唱练耳；基础乐理；美术绘画；舞蹈；幼儿园课程；幼儿教育心理学；学前教育学；大学英语；高等数学B；近代史；线性代数；形势与政策；国学经典
1班,2016105601,47,土木工程,材料力学；结构力学；流体力学；土力学；建筑材料；混凝土结构与钢结构
2班,2016105602,45,土木工程,材料力学；结构力学；流体力学；土力学；建筑材料；混凝土结构与钢结构
3班,2016105603,52,土木工程,材料力学；结构力学；流体力学；土力学；建筑材料；混凝土结构与钢结构
4班,2016105604,51,土木工程,材料力学；结构力学；流体力学；土力学；建筑材料；混凝土结构与钢结构
5班,2016105605,52,土木工程,材料力学；结构力学；流体力学；土力学；建筑材料；混凝土结构与钢结构
1班,2017105601,54,土木工程,材料力学；结构力学；流体力学；土力学；建筑材料；混凝土结构与钢结构
2班,2017105602,47,土木工程,材料力学；结构力学；流体力学；土力学；建筑材料；混凝土结构与钢结构
3班,2017105603,45,土木工程,材料力学；结构力学；流体力学；土力学；建筑材料；混凝土结构与钢结构
4班,2017105604,49,土木工程,材料力学；结构力学；流体力学；土力学；建筑材料；混凝土结构与钢结构
5班,2017105605,49,土木工程,材料力学；结构力学；流体力学；土力学；建筑材料；混凝土结构与钢结构
1班,2018105601,53,土木工程,材料力学；结构力学；流体力学；土力学；建筑材料；混凝土结构与钢结构；近代史；高等数学B；大学英语
2班,2018105602,48,土木工程,材料力学；结构力学；流体力学；土力学；建筑材料；混凝土结构与钢结构；近代史；高等数学B；大学英语
3班,2018105603,50,土木工程,材料力学；结构力学；流体力学；土力学；建筑材料；混凝土结构与钢结构；近代史；高等数学B；大学英语
4班,2018105604,48,土木工程,材料力学；结构力学；流体力学；土力学；建筑材料；混凝土结构与钢结构；近代史；高等数学B；大学英语
5班,2018105605,53,土木工程,材料力学；结构力学；流体力学；土力学；建筑材料；混凝土结构与钢结构；近代史；高等数学B；大学英语
1班,2019105601,51,土木工程,材料力学；结构力学；流体力学；土力学；建筑材料；混凝土结构与钢结构；近代史；高等数学B；大学英语；形势与政策
2班,2019105602,46,土木工程,材料力学；结构力学；流体力学；土力学；建筑材料；混凝土结构与钢结构；近代史；高等数学B；大学英语；形势与政策
3班,2019105603,52,土木工程,材料力学；结构力学；流体力学；土力学；建筑材料；混凝土结构与钢结构；近代史；高等数学B；大学英语；形势与政策
4班,2019105604,50,土木工程,材料力学；结构力学；流体力学；土力学；建筑材料；混凝土结构与钢结构；近代史；高等数学B；大学英语；形势与政策
5班,2019105605,52,土木工程,材料力学；结构力学；流体力学；土力学；建筑材料；混凝土结构与钢结构；近代史；高等数学B；大学英语；形势与政策
1班,2016105701,47,铁道工程,工程制图；理论力学；材料力学；流体力学；基础工程；测量学；铁路桥梁；铁路规划与线路设计；工程经济学
2班,2016105702,45,铁道工程,工程制图；理论力学；材料力学；流体力学；基础工程；测量学；铁路桥梁；铁路规划与线路设计；工程经济学
3班,2016105703,49,铁道工程,工程制图；理论力学；材料力学；流体力学；基础工程；测量学；铁路桥梁；铁路规划与线路设计；工程经济学
4班,2016105704,54,铁道工程,工程制图；理论力学；材料力学；流体力学；基础工程；测量学；铁路桥梁；铁路规划与线路设计；工程经济学
5班,2016105705,47,铁道工程,工程制图；理论力学；材料力学；流体力学；基础工程；测量学；铁路桥梁；铁路规划与线路设计；工程经济学
1班,2017105701,47,铁道工程,工程制图；理论力学；材料力学；流体力学；基础工程；测量学；铁路桥梁；铁路规划与线路设计；工程经济学
2班,2017105702,48,铁道工程,工程制图；理论力学；材料力学；流体力学；基础工程；测量学；铁路桥梁；铁路规划与线路设计；工程经济学
3班,2017105703,47,铁道工程,工程制图；理论力学；材料力学；流体力学；基础工程；测量学；铁路桥梁；铁路规划与线路设计；工程经济学
4班,2017105704,54,铁道工程,工程制图；理论力学；材料力学；流体力学；基础工程；测量学；铁路桥梁；铁路规划与线路设计；工程经济学
5班,2017105705,46,铁道工程,工程制图；理论力学；材料力学；流体力学；基础工程；测量学；铁路桥梁；铁路规划与线路设计；工程经济学
1班,2018105701,51,铁道工程,工程制图；理论力学；材料力学；流体力学；基础工程；测量学；铁路桥梁；铁路规划与线路设计；工程经济学；大学英语；高等数学B
2班,2018105702,51,铁道工程,工程制图；理论力学；材料力学；流体力学；基础工程；测量学；铁路桥梁；铁路规划与线路设计；工程经济学；大学英语；高等数学B
3班,2018105703,48,铁道工程,工程制图；理论力学；材料力学；流体力学；基础工程；测量学；铁路桥梁；铁路规划与线路设计；工程经济学；大学英语；高等数学B
4班,2018105704,54,铁道工程,工程制图；理论力学；材料力学；流体力学；基础工程；测量学；铁路桥梁；铁路规划与线路设计；工程经济学；大学英语；高等数学B
5班,2018105705,53,铁道工程,工程制图；理论力学；材料力学；流体力学；基础工程；测量学；铁路桥梁；铁路规划与线路设计；工程经济学；大学英语；高等数学B
1班,2019105701,49,铁道工程,工程制图；理论力学；材料力学；流体力学；基础工程；测量学；铁路桥梁；铁路规划与线路设计；工程经济学；大学英语；高等数学B；形势与政策
2班,2019105702,45,铁道工程,工程制图；理论力学；材料力学；流体力学；基础工程；测量学；铁路桥梁；铁路规划与线路设计；工程经济学；大学英语；高等数学B；形势与政策
3班,2019105703,49,铁道工程,工程制图；理论力学；材料力学；流体力学；基础工程；测量学；铁路桥梁；铁路规划与线路设计；工程经济学；大学英语；高等数学B；形势与政策
4班,2019105704,46,铁道工程,工程制图；理论力学；材料力学；流体力学；基础工程；测量学；铁路桥梁；铁路规划与线路设计；工程经济学；大学英语；高等数学B；形势与政策
5班,2019105705,50,铁道工程,工程制图；理论力学；材料力学；流体力学；基础工程；测量学；铁路桥梁；铁路规划与线路设计；工程经济学；大学英语；高等数学B；形势与政策
1班,2016105801,49,水利水电工程,工程力学；水力学；河流动力学；岩土力学；工程地质及水文地质学；工程测量；工程水文学
2班,2016105802,54,水利水电工程,工程力学；水力学；河流动力学；岩土力学；工程地质及水文地质学；工程测量；工程水文学
3班,2016105803,47,水利水电工程,工程力学；水力学；河流动力学；岩土力学；工程地质及水文地质学；工程测量；工程水文学
4班,2016105804,52,水利水电工程,工程力学；水力学；河流动力学；岩土力学；工程地质及水文地质学；工程测量；工程水文学
5班,2016105805,45,水利水电工程,工程力学；水力学；河流动力学；岩土力学；工程地质及水文地质学；工程测量；工程水文学
1班,2017105801,47,水利水电工程,工程力学；水力学；河流动力学；岩土力学；工程地质及水文地质学；工程测量；工程水文学
2班,2017105802,47,水利水电工程,工程力学；水力学；河流动力学；岩土力学；工程地质及水文地质学；工程测量；工程水文学
3班,2017105803,49,水利水电工程,工程力学；水力学；河流动力学；岩土力学；工程地质及水文地质学；工程测量；工程水文学
4班,2017105804,51,水利水电工程,工程力学；水力学；河流动力学；岩土力学；工程地质及水文地质学；工程测量；工程水文学
5班,2017105805,48,水利水电工程,工程力学；水力学；河流动力学；岩土力学；工程地质及水文地质学；工程测量；工程水文学
1班,2018105801,52,水利水电工程,工程力学；水力学；河流动力学；岩土力学；工程地质及水文地质学；工程测量；工程水文学；大学英语；高等数学B
2班,2018105802,48,水利水电工程,工程力学；水力学；河流动力学；岩土力学；工程地质及水文地质学；工程测量；工程水文学；大学英语；高等数学B
3班,2018105803,50,水利水电工程,工程力学；水力学；河流动力学；岩土力学；工程地质及水文地质学；工程测量；工程水文学；大学英语；高等数学B
4班,2018105804,52,水利水电工程,工程力学；水力学；河流动力学；岩土力学；工程地质及水文地质学；工程测量；工程水文学；大学英语；高等数学B
5班,2018105805,51,水利水电工程,工程力学；水力学；河流动力学；岩土力学；工程地质及水文地质学；工程测量；工程水文学；大学英语；高等数学B
1班,2019105801,54,水利水电工程,工程力学；水力学；河流动力学；岩土力学；工程地质及水文地质学；工程测量；工程水文学；大学英语；高等数学B；形势与政策
2班,2019105802,52,水利水电工程,工程力学；水力学；河流动力学；岩土力学；工程地质及水文地质学；工程测量；工程水文学；大学英语；高等数学B；形势与政策
3班,2019105803,47,水利水电工程,工程力学；水力学；河流动力学；岩土力学；工程地质及水文地质学；工程测量；工程水文学；大学英语；高等数学B；形势与政策
4班,2019105804,50,水利水电工程,工程力学；水力学；河流动力学；岩土力学；工程地质及水文地质学；工程测量；工程水文学；大学英语；高等数学B；形势与政策
5班,2019105805,47,水利水电工程,工程力学；水力学；河流动力学；岩土力学；工程地质及水文地质学；工程测量；工程水文学；大学英语；高等数学B；形势与政策
1班,2016105901,53,航空航天工程,空气动力学；飞行器结构学；航空航天概论；航空仪表；航空航天动力装置；隐身技术
2班,2016105902,49,航空航天工程,空气动力学；飞行器结构学；航空航天概论；航空仪表；航空航天动力装置；隐身技术
3班,2016105903,45,航空航天工程,空气动力学；飞行器结构学；航空航天概论；航空仪表；航空航天动力装置；隐身技术
4班,2016105904,46,航空航天工程,空气动力学；飞行器结构学；航空航天概论；航空仪表；航空航天动力装置；隐身技术
5班,2016105905,51,航空航天工程,空气动力学；飞行器结构学；航空航天概论；航空仪表；航空航天动力装置；隐身技术
1班,2017105901,51,航空航天工程,空气动力学；飞行器结构学；航空航天概论；航空仪表；航空航天动力装置；隐身技术
2班,2017105902,53,航空航天工程,空气动力学；飞行器结构学；航空航天概论；航空仪表；航空航天动力装置；隐身技术
3班,2017105903,49,航空航天工程,空气动力学；飞行器结构学；航空航天概论；航空仪表；航空航天动力装置；隐身技术
4班,2017105904,54,航空航天工程,空气动力学；飞行器结构学；航空航天概论；航空仪表；航空航天动力装置；隐身技术
5班,2017105905,53,航空航天工程,空气动力学；飞行器结构学；航空航天概论；航空仪表；航空航天动力装置；隐身技术
1班,2018105901,49,航空航天工程,空气动力学；飞行器结构学；航空航天概论；航空仪表；航空航天动力装置；隐身技术；机械设计基础；高等数学B；大学英语
2班,2018105902,53,航空航天工程,空气动力学；飞行器结构学；航空航天概论；航空仪表；航空航天动力装置；隐身技术；机械设计基础；高等数学B；大学英语
3班,2018105903,53,航空航天工程,空气动力学；飞行器结构学；航空航天概论；航空仪表；航空航天动力装置；隐身技术；机械设计基础；高等数学B；大学英语
4班,2018105904,50,航空航天工程,空气动力学；飞行器结构学；航空航天概论；航空仪表；航空航天动力装置；隐身技术；机械设计基础；高等数学B；大学英语
5班,2018105905,54,航空航天工程,空气动力学；飞行器结构学；航空航天概论；航空仪表；航空航天动力装置；隐身技术；机械设计基础；高等数学B；大学英语
1班,2019105901,51,航空航天工程,空气动力学；飞行器结构学；航空航天概论；航空仪表；航空航天动力装置；隐身技术；机械设计基础；高等数学B；大学英语；形式与政策
2班,2019105902,46,航空航天工程,空气动力学；飞行器结构学；航空航天概论；航空仪表；航空航天动力装置；隐身技术；机械设计基础；高等数学B；大学英语；形式与政策
3班,2019105903,52,航空航天工程,空气动力学；飞行器结构学；航空航天概论；航空仪表；航空航天动力装置；隐身技术；机械设计基础；高等数学B；大学英语；形式与政策
4班,2019105904,48,航空航天工程,空气动力学；飞行器结构学；航空航天概论；航空仪表；航空航天动力装置；隐身技术；机械设计基础；高等数学B；大学英语；形式与政策
5班,2019105905,49,航空航天工程,空气动力学；飞行器结构学；航空航天概论；航空仪表；航空航天动力装置；隐身技术；机械设计基础；高等数学B；大学英语；形式与政策
1班,2016106001,51,地质工程,大学英语；基础地质学；矿产地质学；水文地质学；工程地质学；地球物理勘探；构造地质学
2班,2016106002,45,地质工程,大学英语；基础地质学；矿产地质学；水文地质学；工程地质学；地球物理勘探；构造地质学
3班,2016106003,54,地质工程,大学英语；基础地质学；矿产地质学；水文地质学；工程地质学；地球物理勘探；构造地质学
4班,2016106004,45,地质工程,大学英语；基础地质学；矿产地质学；水文地质学；工程地质学；地球物理勘探；构造地质学
5班,2016106005,49,地质工程,大学英语；基础地质学；矿产地质学；水文地质学；工程地质学；地球物理勘探；构造地质学
1班,2017106001,49,地质工程,大学英语；基础地质学；矿产地质学；水文地质学；工程地质学；地球物理勘探；构造地质学
2班,2017106002,46,地质工程,大学英语；基础地质学；矿产地质学；水文地质学；工程地质学；地球物理勘探；构造地质学
3班,2017106003,50,地质工程,大学英语；基础地质学；矿产地质学；水文地质学；工程地质学；地球物理勘探；构造地质学
4班,2017106004,45,地质工程,大学英语；基础地质学；矿产地质学；水文地质学；工程地质学；地球物理勘探；构造地质学
5班,2017106005,52,地质工程,大学英语；基础地质学；矿产地质学；水文地质学；工程地质学；地球物理勘探；构造地质学
1班,2018106001,51,地质工程,大学英语；基础地质学；矿产地质学；水文地质学；工程地质学；地球物理勘探；构造地质学；高等数学B；近代史
2班,2018106002,50,地质工程,大学英语；基础地质学；矿产地质学；水文地质学；工程地质学；地球物理勘探；构造地质学；高等数学B；近代史
3班,2018106003,45,地质工程,大学英语；基础地质学；矿产地质学；水文地质学；工程地质学；地球物理勘探；构造地质学；高等数学B；近代史
4班,2018106004,54,地质工程,大学英语；基础地质学；矿产地质学；水文地质学；工程地质学；地球物理勘探；构造地质学；高等数学B；近代史
5班,2018106005,45,地质工程,大学英语；基础地质学；矿产地质学；水文地质学；工程地质学；地球物理勘探；构造地质学；高等数学B；近代史
1班,2019106001,53,地质工程,大学英语；基础地质学；矿产地质学；水文地质学；工程地质学；地球物理勘探；构造地质学；高等数学B；近代史；形势与政策
2班,2019106002,45,地质工程,大学英语；基础地质学；矿产地质学；水文地质学；工程地质学；地球物理勘探；构造地质学；高等数学B；近代史；形势与政策
3班,2019106003,53,地质工程,大学英语；基础地质学；矿产地质学；水文地质学；工程地质学；地球物理勘探；构造地质学；高等数学B；近代史；形势与政策
4班,2019106004,51,地质工程,大学英语；基础地质学；矿产地质学；水文地质学；工程地质学；地球物理勘探；构造地质学；高等数学B；近代史；形势与政策
5班,2019106005,50,地质工程,大学英语；基础地质学；矿产地质学；水文地质学；工程地质学；地球物理勘探；构造地质学；高等数学B；近代史；形势与政策
1班,2016106101,46,石油工程,油气田开发地质；高等数学A；工程力学；计算机程序设计；渗流力学；钻井工程；大学英语；采油工程；油田化学
2班,2016106102,51,石油工程,油气田开发地质；高等数学A；工程力学；计算机程序设计；渗流力学；钻井工程；大学英语；采油工程；油田化学
3班,2016106103,53,石油工程,油气田开发地质；高等数学A；工程力学；计算机程序设计；渗流力学；钻井工程；大学英语；采油工程；油田化学
4班,2016106104,53,石油工程,油气田开发地质；高等数学A；工程力学；计算机程序设计；渗流力学；钻井工程；大学英语；采油工程；油田化学
5班,2016106105,48,石油工程,油气田开发地质；高等数学A；工程力学；计算机程序设计；渗流力学；钻井工程；大学英语；采油工程；油田化学
1班,2017106101,52,石油工程,油气田开发地质；高等数学A；工程力学；计算机程序设计；渗流力学；钻井工程；大学英语；采油工程；油田化学
2班,2017106102,49,石油工程,油气田开发地质；高等数学A；工程力学；计算机程序设计；渗流力学；钻井工程；大学英语；采油工程；油田化学
3班,2017106103,46,石油工程,油气田开发地质；高等数学A；工程力学；计算机程序设计；渗流力学；钻井工程；大学英语；采油工程；油田化学
4班,2017106104,45,石油工程,油气田开发地质；高等数学A；工程力学；计算机程序设计；渗流力学；钻井工程；大学英语；采油工程；油田化学
5班,2017106105,47,石油工程,油气田开发地质；高等数学A；工程力学；计算机程序设计；渗流力学；钻井工程；大学英语；采油工程；油田化学
1班,2018106101,52,石油工程,油气田开发地质；高等数学A；工程力学；计算机程序设计；渗流力学；钻井工程；大学英语；采油工程；油田化学
2班,2018106102,46,石油工程,油气田开发地质；高等数学A；工程力学；计算机程序设计；渗流力学；钻井工程；大学英语；采油工程；油田化学
3班,2018106103,48,石油工程,油气田开发地质；高等数学A；工程力学；计算机程序设计；渗流力学；钻井工程；大学英语；采油工程；油田化学
4班,2018106104,46,石油工程,油气田开发地质；高等数学A；工程力学；计算机程序设计；渗流力学；钻井工程；大学英语；采油工程；油田化学
5班,2018106105,53,石油工程,油气田开发地质；高等数学A；工程力学；计算机程序设计；渗流力学；钻井工程；大学英语；采油工程；油田化学
1班,2019106101,51,石油工程,油气田开发地质；高等数学A；工程力学；计算机程序设计；渗流力学；钻井工程；大学英语；采油工程；油田化学；近代史；形势与政策
2班,2019106102,45,石油工程,油气田开发地质；高等数学A；工程力学；计算机程序设计；渗流力学；钻井工程；大学英语；采油工程；油田化学；近代史；形势与政策
3班,2019106103,51,石油工程,油气田开发地质；高等数学A；工程力学；计算机程序设计；渗流力学；钻井工程；大学英语；采油工程；油田化学；近代史；形势与政策
4班,2019106104,52,石油工程,油气田开发地质；高等数学A；工程力学；计算机程序设计；渗流力学；钻井工程；大学英语；采油工程；油田化学；近代史；形势与政策
5班,2019106105,48,石油工程,油气田开发地质；高等数学A；工程力学；计算机程序设计；渗流力学；钻井工程；大学英语；采油工程；油田化学；近代史；形势与政策
1班,2016106201,51,纺织工程,纺织导论；纺织化学；制丝学；纺纱学；机织学；针织学
2班,2016106202,48,纺织工程,纺织导论；纺织化学；制丝学；纺纱学；机织学；针织学
3班,2016106203,47,纺织工程,纺织导论；纺织化学；制丝学；纺纱学；机织学；针织学
4班,2016106204,54,纺织工程,纺织导论；纺织化学；制丝学；纺纱学；机织学；针织学
5班,2016106205,48,纺织工程,纺织导论；纺织化学；制丝学；纺纱学；机织学；针织学
1班,2017106201,50,纺织工程,纺织导论；纺织化学；制丝学；纺纱学；机织学；针织学
2班,2017106202,50,纺织工程,纺织导论；纺织化学；制丝学；纺纱学；机织学；针织学
3班,2017106203,48,纺织工程,纺织导论；纺织化学；制丝学；纺纱学；机织学；针织学
4班,2017106204,47,纺织工程,纺织导论；纺织化学；制丝学；纺纱学；机织学；针织学
5班,2017106205,50,纺织工程,纺织导论；纺织化学；制丝学；纺纱学；机织学；针织学
1班,2018106201,52,纺织工程,纺织导论；纺织化学；制丝学；纺纱学；机织学；针织学；大学英语；高等数学B
2班,2018106202,47,纺织工程,纺织导论；纺织化学；制丝学；纺纱学；机织学；针织学；大学英语；高等数学B
3班,2018106203,47,纺织工程,纺织导论；纺织化学；制丝学；纺纱学；机织学；针织学；大学英语；高等数学B
4班,2018106204,54,纺织工程,纺织导论；纺织化学；制丝学；纺纱学；机织学；针织学；大学英语；高等数学B
5班,2018106205,53,纺织工程,纺织导论；纺织化学；制丝学；纺纱学；机织学；针织学；大学英语；高等数学B
1班,2019106201,48,纺织工程,纺织导论；纺织化学；制丝学；纺纱学；机织学；针织学；大学英语；高等数学B；机械设计基础；近代史；形势与政策；国学经典
2班,2019106202,45,纺织工程,纺织导论；纺织化学；制丝学；纺纱学；机织学；针织学；大学英语；高等数学B；机械设计基础；近代史；形势与政策；国学经典
3班,2019106203,52,纺织工程,纺织导论；纺织化学；制丝学；纺纱学；机织学；针织学；大学英语；高等数学B；机械设计基础；近代史；形势与政策；国学经典
4班,2019106204,50,纺织工程,纺织导论；纺织化学；制丝学；纺纱学；机织学；针织学；大学英语；高等数学B；机械设计基础；近代史；形势与政策；国学经典
5班,2019106205,50,纺织工程,纺织导论；纺织化学；制丝学；纺纱学；机织学；针织学；大学英语；高等数学B；机械设计基础；近代史；形势与政策；国学经典
1班,2016106301,48,采矿工程,岩体力学；工程力学；采矿学；电工与电子技术；采矿机械；大学英语；矿井通风与安全
2班,2016106302,51,采矿工程,岩体力学；工程力学；采矿学；电工与电子技术；采矿机械；大学英语；矿井通风与安全
3班,2016106303,54,采矿工程,岩体力学；工程力学；采矿学；电工与电子技术；采矿机械；大学英语；矿井通风与安全
4班,2016106304,47,采矿工程,岩体力学；工程力学；采矿学；电工与电子技术；采矿机械；大学英语；矿井通风与安全
5班,2016106305,49,采矿工程,岩体力学；工程力学；采矿学；电工与电子技术；采矿机械；大学英语；矿井通风与安全
1班,2017106301,51,采矿工程,岩体力学；工程力学；采矿学；电工与电子技术；采矿机械；大学英语；矿井通风与安全
2班,2017106302,48,采矿工程,岩体力学；工程力学；采矿学；电工与电子技术；采矿机械；大学英语；矿井通风与安全
3班,2017106303,51,采矿工程,岩体力学；工程力学；采矿学；电工与电子技术；采矿机械；大学英语；矿井通风与安全
4班,2017106304,48,采矿工程,岩体力学；工程力学；采矿学；电工与电子技术；采矿机械；大学英语；矿井通风与安全
5班,2017106305,48,采矿工程,岩体力学；工程力学；采矿学；电工与电子技术；采矿机械；大学英语；矿井通风与安全
1班,2018106301,47,采矿工程,岩体力学；工程力学；采矿学；电工与电子技术；采矿机械；大学英语；矿井通风与安全；高等数学B
2班,2018106302,48,采矿工程,岩体力学；工程力学；采矿学；电工与电子技术；采矿机械；大学英语；矿井通风与安全；高等数学B
3班,2018106303,47,采矿工程,岩体力学；工程力学；采矿学；电工与电子技术；采矿机械；大学英语；矿井通风与安全；高等数学B
4班,2018106304,50,采矿工程,岩体力学；工程力学；采矿学；电工与电子技术；采矿机械；大学英语；矿井通风与安全；高等数学B
5班,2018106305,49,采矿工程,岩体力学；工程力学；采矿学；电工与电子技术；采矿机械；大学英语；矿井通风与安全；高等数学B
1班,2019106301,47,采矿工程,岩体力学；工程力学；采矿学；电工与电子技术；采矿机械；大学英语；矿井通风与安全；高等数学B；近代史；形势与政策
2班,2019106302,47,采矿工程,岩体力学；工程力学；采矿学；电工与电子技术；采矿机械；大学英语；矿井通风与安全；高等数学B；近代史；形势与政策
3班,2019106303,45,采矿工程,岩体力学；工程力学；采矿学；电工与电子技术；采矿机械；大学英语；矿井通风与安全；高等数学B；近代史；形势与政策
4班,2019106304,52,采矿工程,岩体力学；工程力学；采矿学；电工与电子技术；采矿机械；大学英语；矿井通风与安全；高等数学B；近代史；形势与政策
5班,2019106305,53,采矿工程,岩体力学；工程力学；采矿学；电工与电子技术；采矿机械；大学英语；矿井通风与安全；高等数学B；近代史；形势与政策
1班,2016106401,50,轻化工程,分析化学；有机化学；物理化学；高分子化学及物理；化工原理；生物化学
2班,2016106402,46,轻化工程,分析化学；有机化学；物理化学；高分子化学及物理；化工原理；生物化学
3班,2016106403,51,轻化工程,分析化学；有机化学；物理化学；高分子化学及物理；化工原理；生物化学
4班,2016106404,48,轻化工程,分析化学；有机化学；物理化学；高分子化学及物理；化工原理；生物化学
5班,2016106405,45,轻化工程,分析化学；有机化学；物理化学；高分子化学及物理；化工原理；生物化学
1班,2017106401,47,轻化工程,分析化学；有机化学；物理化学；高分子化学及物理；化工原理；生物化学
2班,2017106402,49,轻化工程,分析化学；有机化学；物理化学；高分子化学及物理；化工原理；生物化学
3班,2017106403,48,轻化工程,分析化学；有机化学；物理化学；高分子化学及物理；化工原理；生物化学
4班,2017106404,51,轻化工程,分析化学；有机化学；物理化学；高分子化学及物理；化工原理；生物化学
5班,2017106405,50,轻化工程,分析化学；有机化学；物理化学；高分子化学及物理；化工原理；生物化学
1班,2018106401,50,轻化工程,分析化学；有机化学；物理化学；高分子化学及物理；化工原理；生物化学；大学英语；高等数学B
2班,2018106402,53,轻化工程,分析化学；有机化学；物理化学；高分子化学及物理；化工原理；生物化学；大学英语；高等数学B
3班,2018106403,54,轻化工程,分析化学；有机化学；物理化学；高分子化学及物理；化工原理；生物化学；大学英语；高等数学B
4班,2018106404,52,轻化工程,分析化学；有机化学；物理化学；高分子化学及物理；化工原理；生物化学；大学英语；高等数学B
5班,2018106405,54,轻化工程,分析化学；有机化学；物理化学；高分子化学及物理；化工原理；生物化学；大学英语；高等数学B
1班,2019106401,48,轻化工程,分析化学；有机化学；物理化学；高分子化学及物理；化工原理；生物化学；大学英语；高等数学B；近代史；国学经典；形势与政策
2班,2019106402,48,轻化工程,分析化学；有机化学；物理化学；高分子化学及物理；化工原理；生物化学；大学英语；高等数学B；近代史；国学经典；形势与政策
3班,2019106403,49,轻化工程,分析化学；有机化学；物理化学；高分子化学及物理；化工原理；生物化学；大学英语；高等数学B；近代史；国学经典；形势与政策
4班,2019106404,52,轻化工程,分析化学；有机化学；物理化学；高分子化学及物理；化工原理；生物化学；大学英语；高等数学B；近代史；国学经典；形势与政策
5班,2019106405,50,轻化工程,分析化学；有机化学；物理化学；高分子化学及物理；化工原理；生物化学；大学英语；高等数学B；近代史；国学经典；形势与政策
1班,2016106501,46,服装设计与工程,时装画；服装设计；高等数学B；大学英语；服装色彩；服装材料；服装CAD；服装结构；设计概论；服装市场营销
2班,2016106502,47,服装设计与工程,时装画；服装设计；高等数学B；大学英语；服装色彩；服装材料；服装CAD；服装结构；设计概论；服装市场营销
3班,2016106503,50,服装设计与工程,时装画；服装设计；高等数学B；大学英语；服装色彩；服装材料；服装CAD；服装结构；设计概论；服装市场营销
4班,2016106504,54,服装设计与工程,时装画；服装设计；高等数学B；大学英语；服装色彩；服装材料；服装CAD；服装结构；设计概论；服装市场营销
5班,2016106505,46,服装设计与工程,时装画；服装设计；高等数学B；大学英语；服装色彩；服装材料；服装CAD；服装结构；设计概论；服装市场营销
1班,2017106501,46,服装设计与工程,时装画；服装设计；高等数学B；大学英语；服装色彩；服装材料；服装CAD；服装结构；设计概论；服装市场营销
2班,2017106502,50,服装设计与工程,时装画；服装设计；高等数学B；大学英语；服装色彩；服装材料；服装CAD；服装结构；设计概论；服装市场营销
3班,2017106503,52,服装设计与工程,时装画；服装设计；高等数学B；大学英语；服装色彩；服装材料；服装CAD；服装结构；设计概论；服装市场营销
4班,2017106504,47,服装设计与工程,时装画；服装设计；高等数学B；大学英语；服装色彩；服装材料；服装CAD；服装结构；设计概论；服装市场营销
5班,2017106505,46,服装设计与工程,时装画；服装设计；高等数学B；大学英语；服装色彩；服装材料；服装CAD；服装结构；设计概论；服装市场营销
1班,2018106501,48,服装设计与工程,时装画；服装设计；高等数学B；大学英语；服装色彩；服装材料；服装CAD；服装结构；设计概论；服装市场营销
2班,2018106502,48,服装设计与工程,时装画；服装设计；高等数学B；大学英语；服装色彩；服装材料；服装CAD；服装结构；设计概论；服装市场营销
3班,2018106503,48,服装设计与工程,时装画；服装设计；高等数学B；大学英语；服装色彩；服装材料；服装CAD；服装结构；设计概论；服装市场营销
4班,2018106504,49,服装设计与工程,时装画；服装设计；高等数学B；大学英语；服装色彩；服装材料；服装CAD；服装结构；设计概论；服装市场营销
5班,2018106505,47,服装设计与工程,时装画；服装设计；高等数学B；大学英语；服装色彩；服装材料；服装CAD；服装结构；设计概论；服装市场营销
1班,2019106501,51,服装设计与工程,时装画；服装设计；高等数学B；大学英语；服装色彩；服装材料；服装CAD；服装结构；设计概论；服装市场营销；大学英语；形势与政策
2班,2019106502,54,服装设计与工程,时装画；服装设计；高等数学B；大学英语；服装色彩；服装材料；服装CAD；服装结构；设计概论；服装市场营销；大学英语；形势与政策
3班,2019106503,47,服装设计与工程,时装画；服装设计；高等数学B；大学英语；服装色彩；服装材料；服装CAD；服装结构；设计概论；服装市场营销；大学英语；形势与政策
4班,2019106504,45,服装设计与工程,时装画；服装设计；高等数学B；大学英语；服装色彩；服装材料；服装CAD；服装结构；设计概论；服装市场营销；大学英语；形势与政策
5班,2019106505,45,服装设计与工程,时装画；服装设计；高等数学B；大学英语；服装色彩；服装材料；服装CAD；服装结构；设计概论；服装市场营销；大学英语；形势与政策
1班,2016106601,46,印刷工程,材料科学与工程；机械工程；颜色科学与技术；印前处理原理与技术；印刷原理与工艺；计算机图形学；数字图像处理
2班,2016106602,50,印刷工程,材料科学与工程；机械工程；颜色科学与技术；印前处理原理与技术；印刷原理与工艺；计算机图形学；数字图像处理
3班,2016106603,51,印刷工程,材料科学与工程；机械工程；颜色科学与技术；印前处理原理与技术；印刷原理与工艺；计算机图形学；数字图像处理
4班,2016106604,50,印刷工程,材料科学与工程；机械工程；颜色科学与技术；印前处理原理与技术；印刷原理与工艺；计算机图形学；数字图像处理
5班,2016106605,46,印刷工程,材料科学与工程；机械工程；颜色科学与技术；印前处理原理与技术；印刷原理与工艺；计算机图形学；数字图像处理
1班,2017106601,47,印刷工程,材料科学与工程；机械工程；颜色科学与技术；印前处理原理与技术；印刷原理与工艺；计算机图形学；数字图像处理
2班,2017106602,50,印刷工程,材料科学与工程；机械工程；颜色科学与技术；印前处理原理与技术；印刷原理与工艺；计算机图形学；数字图像处理
3班,2017106603,48,印刷工程,材料科学与工程；机械工程；颜色科学与技术；印前处理原理与技术；印刷原理与工艺；计算机图形学；数字图像处理
4班,2017106604,53,印刷工程,材料科学与工程；机械工程；颜色科学与技术；印前处理原理与技术；印刷原理与工艺；计算机图形学；数字图像处理
5班,2017106605,47,印刷工程,材料科学与工程；机械工程；颜色科学与技术；印前处理原理与技术；印刷原理与工艺；计算机图形学；数字图像处理
1班,2018106601,48,印刷工程,材料科学与工程；机械工程；颜色科学与技术；高等数学B；大学英语；印前处理原理与技术；印刷原理与工艺；计算机图形学；数字图像处理
2班,2018106602,53,印刷工程,材料科学与工程；机械工程；颜色科学与技术；高等数学B；大学英语；印前处理原理与技术；印刷原理与工艺；计算机图形学；数字图像处理
3班,2018106603,46,印刷工程,材料科学与工程；机械工程；颜色科学与技术；高等数学B；大学英语；印前处理原理与技术；印刷原理与工艺；计算机图形学；数字图像处理
4班,2018106604,47,印刷工程,材料科学与工程；机械工程；颜色科学与技术；高等数学B；大学英语；印前处理原理与技术；印刷原理与工艺；计算机图形学；数字图像处理
5班,2018106605,49,印刷工程,材料科学与工程；机械工程；颜色科学与技术；高等数学B；大学英语；印前处理原理与技术；印刷原理与工艺；计算机图形学；数字图像处理
1班,2019106601,49,印刷工程,材料科学与工程；机械工程；颜色科学与技术；高等数学B；大学英语；印前处理原理与技术；印刷原理与工艺；计算机图形学；数字图像处理；形势与政策；近代史
2班,2019106602,46,印刷工程,材料科学与工程；机械工程；颜色科学与技术；高等数学B；大学英语；印前处理原理与技术；印刷原理与工艺；计算机图形学；数字图像处理；形势与政策；近代史
3班,2019106603,52,印刷工程,材料科学与工程；机械工程；颜色科学与技术；高等数学B；大学英语；印前处理原理与技术；印刷原理与工艺；计算机图形学；数字图像处理；形势与政策；近代史
4班,2019106604,51,印刷工程,材料科学与工程；机械工程；颜色科学与技术；高等数学B；大学英语；印前处理原理与技术；印刷原理与工艺；计算机图形学；数字图像处理；形势与政策；近代史
5班,2019106605,49,印刷工程,材料科学与工程；机械工程；颜色科学与技术；高等数学B；大学英语；印前处理原理与技术；印刷原理与工艺；计算机图形学；数字图像处理；形势与政策；近代史
1班,2016106701,53,交通运输,运筹学；财政管理；运输经济学；交通运输设备；交通运输法规；交通港站与枢纽
2班,2016106702,46,交通运输,运筹学；财政管理；运输经济学；交通运输设备；交通运输法规；交通港站与枢纽
3班,2016106703,47,交通运输,运筹学；财政管理；运输经济学；交通运输设备；交通运输法规；交通港站与枢纽
4班,2016106704,54,交通运输,运筹学；财政管理；运输经济学；交通运输设备；交通运输法规；交通港站与枢纽
5班,2016106705,45,交通运输,运筹学；财政管理；运输经济学；交通运输设备；交通运输法规；交通港站与枢纽
1班,2017106701,53,交通运输,运筹学；财政管理；运输经济学；交通运输设备；交通运输法规；交通港站与枢纽
2班,2017106702,52,交通运输,运筹学；财政管理；运输经济学；交通运输设备；交通运输法规；交通港站与枢纽
3班,2017106703,54,交通运输,运筹学；财政管理；运输经济学；交通运输设备；交通运输法规；交通港站与枢纽
4班,2017106704,51,交通运输,运筹学；财政管理；运输经济学；交通运输设备；交通运输法规；交通港站与枢纽
5班,2017106705,52,交通运输,运筹学；财政管理；运输经济学；交通运输设备；交通运输法规；交通港站与枢纽
1班,2018106701,50,交通运输,运筹学；财政管理；运输经济学；交通运输设备；交通运输法规；交通港站与枢纽；大学英语；高等数学B
2班,2018106702,52,交通运输,运筹学；财政管理；运输经济学；交通运输设备；交通运输法规；交通港站与枢纽；大学英语；高等数学B
3班,2018106703,47,交通运输,运筹学；财政管理；运输经济学；交通运输设备；交通运输法规；交通港站与枢纽；大学英语；高等数学B
4班,2018106704,52,交通运输,运筹学；财政管理；运输经济学；交通运输设备；交通运输法规；交通港站与枢纽；大学英语；高等数学B
5班,2018106705,46,交通运输,运筹学；财政管理；运输经济学；交通运输设备；交通运输法规；交通港站与枢纽；大学英语；高等数学B
1班,2019106701,46,交通运输,运筹学；财政管理；运输经济学；交通运输设备；交通运输法规；交通港站与枢纽；大学英语；高等数学B；近代史；形势与政策
2班,2019106702,47,交通运输,运筹学；财政管理；运输经济学；交通运输设备；交通运输法规；交通港站与枢纽；大学英语；高等数学B；近代史；形势与政策
3班,2019106703,54,交通运输,运筹学；财政管理；运输经济学；交通运输设备；交通运输法规；交通港站与枢纽；大学英语；高等数学B；近代史；形势与政策
4班,2019106704,47,交通运输,运筹学；财政管理；运输经济学；交通运输设备；交通运输法规；交通港站与枢纽；大学英语；高等数学B；近代史；形势与政策
5班,2019106705,54,交通运输,运筹学；财政管理；运输经济学；交通运输设备；交通运输法规；交通港站与枢纽；大学英语；高等数学B；近代史；形势与政策
1班,2016106801,53,临床医学,人体解剖学C；大学英语；组织胚胎学；生理学A；药理学；病理学；儿科学
2班,2016106802,46,临床医学,人体解剖学C；大学英语；组织胚胎学；生理学A；药理学；病理学；儿科学
3班,2016106803,53,临床医学,人体解剖学C；大学英语；组织胚胎学；生理学A；药理学；病理学；儿科学
4班,2016106804,54,临床医学,人体解剖学C；大学英语；组织胚胎学；生理学A；药理学；病理学；儿科学
5班,2016106805,50,临床医学,人体解剖学C；大学英语；组织胚胎学；生理学A；药理学；病理学；儿科学
1班,2017106801,46,临床医学,人体解剖学C；大学英语；组织胚胎学；生理学A；药理学；病理学；儿科学
2班,2017106802,47,临床医学,人体解剖学C；大学英语；组织胚胎学；生理学A；药理学；病理学；儿科学
3班,2017106803,47,临床医学,人体解剖学C；大学英语；组织胚胎学；生理学A；药理学；病理学；儿科学
4班,2017106804,50,临床医学,人体解剖学C；大学英语；组织胚胎学；生理学A；药理学；病理学；儿科学
5班,2017106805,50,临床医学,人体解剖学C；大学英语；组织胚胎学；生理学A；药理学；病理学；儿科学
1班,2018106801,52,临床医学,人体解剖学B；大学英语；组织胚胎学；生理学B2；药理学；病理学；儿科学；高等数学B
2班,2018106802,46,临床医学,人体解剖学B；大学英语；组织胚胎学；生理学B2；药理学；病理学；儿科学；高等数学B
3班,2018106803,51,临床医学,人体解剖学B；大学英语；组织胚胎学；生理学B2；药理学；病理学；儿科学；高等数学B
4班,2018106804,54,临床医学,人体解剖学B；大学英语；组织胚胎学；生理学B2；药理学；病理学；儿科学；高等数学B
5班,2018106805,45,临床医学,人体解剖学B；大学英语；组织胚胎学；生理学B2；药理学；病理学；儿科学；高等数学B
1班,2019106801,48,临床医学,人体解剖学A；大学英语；组织胚胎学；生理学B1；药理学；病理学；儿科学；高等数学B；近代史；形势与政策
2班,2019106802,52,临床医学,人体解剖学A；大学英语；组织胚胎学；生理学B1；药理学；病理学；儿科学；高等数学B；近代史；形势与政策
3班,2019106803,50,临床医学,人体解剖学A；大学英语；组织胚胎学；生理学B1；药理学；病理学；儿科学；高等数学B；近代史；形势与政策
4班,2019106804,48,临床医学,人体解剖学A；大学英语；组织胚胎学；生理学B1；药理学；病理学；儿科学；高等数学B；近代史；形势与政策
5班,2019106805,51,临床医学,人体解剖学A；大学英语；组织胚胎学；生理学B1；药理学；病理学；儿科学；高等数学B；近代史；形势与政策
1班,2016106901,46,护理学,人体解剖学C；病理学；药理学；护理学导论；急救护理学；儿科护理学
2班,2016106902,47,护理学,人体解剖学C；病理学；药理学；护理学导论；急救护理学；儿科护理学
3班,2016106903,50,护理学,人体解剖学C；病理学；药理学；护理学导论；急救护理学；儿科护理学
4班,2016106904,51,护理学,人体解剖学C；病理学；药理学；护理学导论；急救护理学；儿科护理学
5班,2016106905,45,护理学,人体解剖学C；病理学；药理学；护理学导论；急救护理学；儿科护理学
1班,2017106901,50,护理学,人体解剖学C；病理学；药理学；护理学导论；急救护理学；儿科护理学
2班,2017106902,52,护理学,人体解剖学C；病理学；药理学；护理学导论；急救护理学；儿科护理学
3班,2017106903,47,护理学,人体解剖学C；病理学；药理学；护理学导论；急救护理学；儿科护理学
4班,2017106904,51,护理学,人体解剖学C；病理学；药理学；护理学导论；急救护理学；儿科护理学
5班,2017106905,50,护理学,人体解剖学C；病理学；药理学；护理学导论；急救护理学；儿科护理学
1班,2018106901,47,护理学,人体解剖学B；病理学；药理学；护理学导论；急救护理学；儿科护理学；大学英语；高等数学B
2班,2018106902,48,护理学,人体解剖学B；病理学；药理学；护理学导论；急救护理学；儿科护理学；大学英语；高等数学B
3班,2018106903,51,护理学,人体解剖学B；病理学；药理学；护理学导论；急救护理学；儿科护理学；大学英语；高等数学B
4班,2018106904,46,护理学,人体解剖学B；病理学；药理学；护理学导论；急救护理学；儿科护理学；大学英语；高等数学B
5班,2018106905,47,护理学,人体解剖学B；病理学；药理学；护理学导论；急救护理学；儿科护理学；大学英语；高等数学B
1班,2019106901,47,护理学,人体解剖学A；病理学；药理学；护理学导论；急救护理学；儿科护理学；大学英语；近代史；国学经典；形势与政策；高等数学B
2班,2019106902,54,护理学,人体解剖学A；病理学；药理学；护理学导论；急救护理学；儿科护理学；大学英语；近代史；国学经典；形势与政策；高等数学B
3班,2019106903,51,护理学,人体解剖学A；病理学；药理学；护理学导论；急救护理学；儿科护理学；大学英语；近代史；国学经典；形势与政策；高等数学B
4班,2019106904,52,护理学,人体解剖学A；病理学；药理学；护理学导论；急救护理学；儿科护理学；大学英语；近代史；国学经典；形势与政策；高等数学B
5班,2019106905,51,护理学,人体解剖学A；病理学；药理学；护理学导论；急救护理学；儿科护理学；大学英语；近代史；国学经典；形势与政策；高等数学B
1班,2016107001,45,建筑学,建筑设计；大学英语；建筑史工业；智能建筑概论；古建筑保护；建筑构造；建筑与城市摄影
2班,2016107002,53,建筑学,建筑设计；大学英语；建筑史工业；智能建筑概论；古建筑保护；建筑构造；建筑与城市摄影
3班,2016107003,47,建筑学,建筑设计；大学英语；建筑史工业；智能建筑概论；古建筑保护；建筑构造；建筑与城市摄影
4班,2016107004,49,建筑学,建筑设计；大学英语；建筑史工业；智能建筑概论；古建筑保护；建筑构造；建筑与城市摄影
5班,2016107005,48,建筑学,建筑设计；大学英语；建筑史工业；智能建筑概论；古建筑保护；建筑构造；建筑与城市摄影
1班,2017107001,53,建筑学,建筑设计；大学英语；建筑史工业；智能建筑概论；古建筑保护；建筑构造；建筑与城市摄影
2班,2017107002,54,建筑学,建筑设计；大学英语；建筑史工业；智能建筑概论；古建筑保护；建筑构造；建筑与城市摄影
3班,2017107003,45,建筑学,建筑设计；大学英语；建筑史工业；智能建筑概论；古建筑保护；建筑构造；建筑与城市摄影
4班,2017107004,46,建筑学,建筑设计；大学英语；建筑史工业；智能建筑概论；古建筑保护；建筑构造；建筑与城市摄影
5班,2017107005,46,建筑学,建筑设计；大学英语；建筑史工业；智能建筑概论；古建筑保护；建筑构造；建筑与城市摄影
1班,2018107001,45,建筑学,建筑设计；大学英语；高等数学B；建筑史工业；智能建筑概论；古建筑保护；建筑构造；建筑与城市摄影
2班,2018107002,50,建筑学,建筑设计；大学英语；高等数学B；建筑史工业；智能建筑概论；古建筑保护；建筑构造；建筑与城市摄影
3班,2018107003,53,建筑学,建筑设计；大学英语；高等数学B；建筑史工业；智能建筑概论；古建筑保护；建筑构造；建筑与城市摄影
4班,2018107004,50,建筑学,建筑设计；大学英语；高等数学B；建筑史工业；智能建筑概论；古建筑保护；建筑构造；建筑与城市摄影
5班,2018107005,49,建筑学,建筑设计；大学英语；高等数学B；建筑史工业；智能建筑概论；古建筑保护；建筑构造；建筑与城市摄影
1班,2019107001,54,建筑学,建筑设计；大学英语；高等数学B；线性代数；建筑史工业；智能建筑概论；古建筑保护；建筑构造；建筑与城市摄影；近代史；国学经典；形势与政策
2班,2019107002,49,建筑学,建筑设计；大学英语；高等数学B；线性代数；建筑史工业；智能建筑概论；古建筑保护；建筑构造；建筑与城市摄影；近代史；国学经典；形势与政策
3班,2019107003,52,建筑学,建筑设计；大学英语；高等数学B；线性代数；建筑史工业；智能建筑概论；古建筑保护；建筑构造；建筑与城市摄影；近代史；国学经典；形势与政策
4班,2019107004,47,建筑学,建筑设计；大学英语；高等数学B；线性代数；建筑史工业；智能建筑概论；古建筑保护；建筑构造；建筑与城市摄影；近代史；国学经典；形势与政策
5班,2019107005,46,建筑学,建筑设计；大学英语；高等数学B；线性代数；建筑史工业；智能建筑概论；古建筑保护；建筑构造；建筑与城市摄影；近代史；国学经典；形势与政策
